"date","result_num","freshwater","forecast","uncertainty","nearterm","model_approach","notes","hydrological","email"
"2/24/2022 9:33",1,"yes; surface water","forecast","yes","no","process-based",NA,"no","melofton@vt.edu"
"2/24/2022 9:35",2,"yes; surface water","forecast","yes","yes","numerical, machine",NA,"no","melofton@vt.edu"
"2/24/2022 9:35",3,"yes; surface water","none of the above",NA,NA,NA,NA,"yes","melofton@vt.edu"
"2/24/2022 9:39",4,"yes; surface water","forecast","no","no","machine learning, either process-guided or not process-guided (e.g. ANN)",NA,"no","melofton@vt.edu"
"2/24/2022 9:43",5,"yes; surface water","none of the above",NA,NA,NA,NA,"no","melofton@vt.edu"
"2/24/2022 9:43",6,"yes; groundwater","forecast","yes","no","empirical",NA,"no","melofton@vt.edu"
"2/24/2022 9:44",7,"yes; surface water","forecast","yes","no","numerical",NA,"yes","melofton@vt.edu"
"2/24/2022 9:44",8,"yes; surface water","forecast","yes","yes","numerical",NA,"no","melofton@vt.edu"
"6/17/2022 8:53:01",9,"yes; surface water","none of the above",NA,NA,NA,"modeling study with proposed forecasting","no","melofton@vt.edu"
"2/24/2022 9:48",10,"yes; surface water","forecast","yes","yes","machine",NA,"yes","melofton@vt.edu"
"2/24/2022 9:50",11,"yes; surface water","hindcast","yes","yes","empirical",NA,"yes","melofton@vt.edu"
"2/24/2022 9:51",12,"yes; surface water","none of the above",NA,NA,NA,NA,"no","melofton@vt.edu"
"2/24/2022 9:52",13,"yes; surface water","forecast","yes","yes","numerical",NA,"yes","melofton@vt.edu"
"2/24/2022 9:54",14,"yes; surface water","forecast","no","no","numerical ecosystem simulation (e.g. GLM-AED)",NA,"yes","melofton@vt.edu"
"2/24/2022 9:56",15,"yes; surface water","forecast","no","yes","numerical ecosystem simulation (e.g. GLM-AED)",NA,"yes","melofton@vt.edu"
"2/24/2022 10:00",16,"yes; surface water","none of the above","no","yes",NA,NA,"no","melofton@vt.edu"
"6/17/2022 8:44:07",17,"yes; surface water","forecast","yes","no","numerical, empirical",NA,"no","melofton@vt.edu"
"2/24/2022 10:04",18,"yes; surface water","none of the above",NA,NA,NA,NA,"yes","melofton@vt.edu"
"2/24/2022 10:06",19,"yes; surface water","none of the above",NA,NA,NA,NA,"yes","melofton@vt.edu"
"2/24/2022 10:07",20,"yes; surface water","forecast","no","no","empirical model but not a time series model (e.g. multiple regression)",NA,"no","melofton@vt.edu"
"2/24/2022 10:10",21,"yes; surface water","hindcast","no","yes","numerical ecosystem simulation (e.g. GLM-AED)",NA,"no","melofton@vt.edu"
"2/24/2022 10:16",22,"yes; surface water","forecast","no","yes","time series model (e.g. ARIMA)",NA,"no","melofton@vt.edu"
"2/24/2022 10:18",23,"yes; surface water","forecast","no","no","machine learning, either process-guided or not process-guided (e.g. ANN)",NA,"yes","melofton@vt.edu"
"2/24/2022 10:20",24,"yes; surface water","forecast","no","no","numerical ecosystem simulation (e.g. GLM-AED)",NA,"yes","melofton@vt.edu"
"2/24/2022 10:23",25,"yes; surface water","forecast","no","yes","time series model (e.g. ARIMA)",NA,"yes","melofton@vt.edu"
"2/24/2022 10:26",26,"yes; surface water","forecast","yes","no","numerical",NA,"yes","melofton@vt.edu"
"2/24/2022 10:27",27,"yes; surface water","forecast","yes","yes","machine",NA,"yes","melofton@vt.edu"
"2/24/2022 10:30",28,"yes; surface water","forecast","no","no","numerical ecosystem simulation (e.g. GLM-AED)",NA,"yes","melofton@vt.edu"
"2/24/2022 12:18",29,"yes; surface water","hindcast","yes","yes","numerical",NA,"yes","melofton@vt.edu"
"2/24/2022 12:19",30,"yes; surface water","none of the above",NA,NA,NA,NA,"no","melofton@vt.edu"
"6/17/2022 8:45:53",31,"no",NA,NA,NA,NA,NA,NA,"melofton@vt.edu"
"2/24/2022 12:25",32,"yes; surface water","none of the above",NA,NA,NA,"IMPORTANT linking HAB forecasts to decision-making","no","melofton@vt.edu"
"2/24/2022 12:31",33,"yes; surface water","forecast","no","no","empirical model but not a time series model (e.g. multiple regression)",NA,"no","melofton@vt.edu"
"2/24/2022 12:33",34,"yes; surface water","none of the above",NA,NA,NA,NA,"yes","melofton@vt.edu"
"2/24/2022 12:35",35,"yes; surface water","hindcast","no","yes","machine learning, either process-guided or not process-guided (e.g. ANN)",NA,"yes","melofton@vt.edu"
"2/24/2022 12:38",36,"yes; surface water","forecast","no","yes","numerical ecosystem simulation (e.g. GLM-AED)",NA,"yes","melofton@vt.edu"
"2/24/2022 12:40",37,"yes; surface water","forecast","yes","no","empirical model but not a time series model (e.g. multiple regression)",NA,"no","melofton@vt.edu"
"2/24/2022 12:41",38,"yes; groundwater","forecast","no","no","machine learning, either process-guided or not process-guided (e.g. ANN)",NA,"yes","melofton@vt.edu"
"2/24/2022 12:42",39,"yes; surface water","forecast","yes","yes","numerical",NA,"yes","melofton@vt.edu"
"2/24/2022 12:46",40,"yes; surface water","forecast","no","yes","empirical model but not a time series model (e.g. multiple regression)",NA,"yes","melofton@vt.edu"
"2/24/2022 12:49",41,"yes; surface water","hindcast","yes","yes","numerical",NA,"yes","melofton@vt.edu"
"2/24/2022 12:50",42,"yes; groundwater","nowcast","yes","yes","empirical",NA,"yes","melofton@vt.edu"
"2/24/2022 12:51",43,"yes; surface water","hindcast","yes","yes","numerical",NA,"no","melofton@vt.edu"
"2/24/2022 12:56",44,"yes; surface water","none of the above",NA,NA,NA,NA,"yes","melofton@vt.edu"
"2/24/2022 12:57",45,"yes; surface water","none of the above",NA,NA,NA,NA,"no","melofton@vt.edu"
"2/24/2022 13:05",46,"yes; surface water","none of the above",NA,NA,NA,NA,"yes","melofton@vt.edu"
"2/24/2022 13:06",47,"yes; surface water","none of the above",NA,NA,NA,NA,"yes","melofton@vt.edu"
"2/24/2022 13:09",48,"yes; surface water","forecast","yes","yes","machine",NA,"yes","melofton@vt.edu"
"2/24/2022 13:10:19",49,"no","forecast","no","no",NA,NA,NA,"melofton@vt.edu"
"2/24/2022 13:12",50,"yes; surface water","hindcast","yes","yes","empirical",NA,"yes","melofton@vt.edu"
"2/24/2022 13:14",51,"yes; surface water","hindcast","yes","yes","empirical",NA,"yes","melofton@vt.edu"
"2/24/2022 13:15",52,"yes; surface water","none of the above",NA,NA,NA,NA,"yes","melofton@vt.edu"
"2/24/2022 13:18",53,"yes; surface water","hindcast","no","yes","numerical ecosystem simulation (e.g. GLM-AED)",NA,"no","melofton@vt.edu"
"2/24/2022 13:20",54,"yes; surface water","hindcast","yes","yes","numerical",NA,"yes","melofton@vt.edu"
"2/24/2022 13:23",55,"yes; surface water","hindcast","no","yes","machine learning, either process-guided or not process-guided (e.g. ANN)",NA,"yes","melofton@vt.edu"
"2/24/2022 13:24",56,"yes; surface water","hindcast","yes","yes","numerical",NA,"yes","melofton@vt.edu"
"2/24/2022 13:27",57,"yes; surface water","hindcast","yes","yes","machine",NA,"yes","melofton@vt.edu"
"2/24/2022 13:32",58,"yes; surface water","forecast","no","yes","machine learning, either process-guided or not process-guided (e.g. ANN)",NA,"yes","melofton@vt.edu"
"2/26/2022 13:15",59,"yes; surface water","forecast","no","no","empirical model but not a time series model (e.g. multiple regression)",NA,"no","melofton@vt.edu"
"2/26/2022 13:17",60,"yes; surface water","forecast","no","yes","machine learning, either process-guided or not process-guided (e.g. ANN)",NA,"yes","melofton@vt.edu"
"2/26/2022 13:22",61,"yes; surface water","forecast","no","yes","other",NA,"yes","melofton@vt.edu"
"3/1/2022 8:08",62,"yes; surface water","hindcast","yes","yes","numerical",NA,"yes","melofton@vt.edu"
"3/1/2022 8:11",63,"yes; surface water","forecast","yes","no","numerical",NA,"no","melofton@vt.edu"
"6/17/2022 8:19:12",64,"yes; surface water","forecast","no","yes","machine learning, either process-guided or not process-guided (e.g. ANN)",NA,"yes","melofton@vt.edu"
"3/1/2022 8:16",65,"yes; surface water","hindcast","no","yes","machine learning, either process-guided or not process-guided (e.g. ANN)",NA,"no","melofton@vt.edu"
"3/1/2022 8:20",66,"yes; surface water","none of the above","yes","yes",NA,"has decision-making component","yes","melofton@vt.edu"
"3/1/2022 8:22",67,"yes; surface water","none of the above",NA,NA,NA,"CRITICALLY IMPORTANT we should look at this paper b/c it is not presenting a forecast but it analyzes what forecast horizon is most useful to reservoir mgmt!!!!!","yes","melofton@vt.edu"
"3/1/2022 8:24",68,"yes; surface water","hindcast","yes","yes","empirical",NA,"no","melofton@vt.edu"
"3/1/2022 8:26",69,"yes; surface water","none of the above",NA,NA,NA,NA,"yes","melofton@vt.edu"
"3/1/2022 8:28",70,"yes; surface water","forecast","no","yes","numerical ecosystem simulation (e.g. GLM-AED)",NA,"no","melofton@vt.edu"
"3/1/2022 8:31",71,"yes; surface water","hindcast","yes","yes","numerical",NA,"yes","melofton@vt.edu"
"3/1/2022 8:32",72,"yes; surface water","hindcast","yes","yes","numerical",NA,"yes","melofton@vt.edu"
"3/1/2022 8:35",73,"yes; surface water","hindcast","no","yes","machine learning, either process-guided or not process-guided (e.g. ANN)",NA,"yes","melofton@vt.edu"
"3/1/2022 8:36",74,"yes; surface water","hindcast","yes","yes","numerical",NA,"yes","melofton@vt.edu"
"3/1/2022 8:39",75,"yes; surface water","hindcast","no","yes","other","uses both multiple regression and a process-based model","yes","melofton@vt.edu"
"3/1/2022 8:39",76,"yes; surface water","hindcast","yes","yes","numerical",NA,"no","melofton@vt.edu"
"3/1/2022 8:40",77,"yes; surface water","hindcast","yes","yes","numerical",NA,"yes","melofton@vt.edu"
"3/1/2022 8:44",78,"yes; surface water","hindcast","no","yes","process-based but not ecosystem simulation (e.g. age-structured population model)",NA,"yes","melofton@vt.edu"
"3/1/2022 8:46",79,"yes; surface water","none of the above",NA,NA,NA,NA,"yes","melofton@vt.edu"
"6/17/2022 8:16:39",80,"yes; surface water","forecast","no","yes","time series model (e.g. ARIMA)",NA,"yes","melofton@vt.edu"
"3/1/2022 9:03",81,"yes; surface water","forecast","yes","no","numerical",NA,"no","melofton@vt.edu"
"3/1/2022 9:07",82,"yes; surface water","none of the above",NA,NA,NA,NA,"yes","melofton@vt.edu"
"3/1/2022 9:11",83,"yes; surface water","hindcast","no","yes","machine learning, either process-guided or not process-guided (e.g. ANN)",NA,"yes","melofton@vt.edu"
"3/1/2022 9:16",84,"yes; surface water","forecast","no","yes","other","both process-based and machine learning models used","no","melofton@vt.edu"
"3/1/2022 9:18",85,"yes; surface water","forecast","no","no","process-based but not ecosystem simulation (e.g. age-structured population model)",NA,"no","melofton@vt.edu"
"3/1/2022 9:19",86,"yes; surface water","none of the above",NA,NA,NA,NA,"no","melofton@vt.edu"
"3/1/2022 9:20",87,"yes; surface water","hindcast","yes","yes","numerical",NA,"yes","melofton@vt.edu"
"3/1/2022 9:23",88,"yes; surface water","forecast","yes","yes","process-based but not ecosystem simulation (e.g. age-structured population model)","good example for probabilistic presentation of spatial forecasts being uncommon; do scenario-based analysis but don't propagate uncertainty","no","melofton@vt.edu"
"3/1/2022 9:25",89,"yes; surface water","forecast","yes","no","numerical",NA,"yes","melofton@vt.edu"
"3/1/2022 9:28",90,"yes; surface water","forecast","no","no","process-based but not ecosystem simulation (e.g. age-structured population model)",NA,"yes","melofton@vt.edu"
"3/1/2022 9:30",91,"yes; surface water","none of the above",NA,"yes",NA,NA,"yes","melofton@vt.edu"
"3/1/2022 9:35",93,"yes; surface water","none of the above",NA,NA,NA,NA,"yes","melofton@vt.edu"
"3/1/2022 9:37",94,"yes; surface water","hindcast","yes","yes","numerical",NA,"yes","melofton@vt.edu"
"3/1/2022 9:37",95,"yes; surface water","none of the above",NA,NA,NA,NA,"no","melofton@vt.edu"
"3/1/2022 9:40",96,"yes; surface water","forecast","no","no","empirical model but not a time series model (e.g. multiple regression)",NA,"no","melofton@vt.edu"
"3/1/2022 9:46",97,"yes; surface water","hindcast","yes","yes","numerical",NA,"yes","melofton@vt.edu"
"3/1/2022 9:48",98,"yes; surface water","none of the above",NA,NA,NA,NA,"yes","melofton@vt.edu"
"3/1/2022 9:49",99,"yes; surface water","hindcast","yes","yes","empirical",NA,"yes","melofton@vt.edu"
"3/1/2022 9:50",100,"yes; surface water","hindcast","yes","yes","numerical",NA,"yes","melofton@vt.edu"
"3/1/2022 12:45:24",101,"yes; surface water","hindcast","yes","yes","process-based",NA,"yes","melofton@vt.edu"
"3/1/2022 12:47:25",102,"yes; surface water","none of the above",NA,NA,NA,NA,"yes","melofton@vt.edu"
"3/1/2022 12:49:24",103,"yes; surface water","forecast","no","yes","machine learning, either process-guided or not process-guided (e.g. ANN)",NA,"yes","melofton@vt.edu"
"3/1/2022 12:53:55",104,"yes; surface water","hindcast","no","yes","process-based but not ecosystem simulation (e.g. age-structured population model)",NA,"yes","melofton@vt.edu"
"3/1/2022 12:54:42",105,"yes; surface water","none of the above",NA,NA,NA,NA,"yes","melofton@vt.edu"
"3/1/2022 13:01:05",107,"yes; surface water","forecast","yes","yes","ARIMA",NA,"yes","melofton@vt.edu"
"3/1/2022 13:04:31",108,"yes; surface water","none of the above",NA,NA,NA,NA,"yes","melofton@vt.edu"
"3/1/2022 13:09:54",109,"yes; surface water","none of the above",NA,NA,NA,NA,"yes","melofton@vt.edu"
"3/1/2022 13:11:11",110,"yes; surface water","none of the above",NA,NA,NA,NA,"yes","melofton@vt.edu"
"3/1/2022 13:13:50",112,"yes; surface water","hindcast","yes","yes","machine",NA,"yes","melofton@vt.edu"
"3/1/2022 13:14:34",113,"no",NA,NA,NA,NA,NA,NA,"melofton@vt.edu"
"3/1/2022 13:16:40",114,"yes; surface water","none of the above",NA,NA,NA,NA,"yes","melofton@vt.edu"
"3/1/2022 13:18:23",115,"yes; surface water","forecast","yes","no","numerical",NA,"yes","melofton@vt.edu"
"3/1/2022 13:21:58",117,"yes; surface water","hindcast","no","yes","machine learning, either process-guided or not process-guided (e.g. ANN)",NA,"yes","melofton@vt.edu"
"3/1/2022 13:23:59",118,"yes; surface water","none of the above",NA,NA,NA,NA,"yes","melofton@vt.edu"
"3/1/2022 13:25:16",119,"no",NA,NA,NA,NA,NA,NA,"melofton@vt.edu"
"3/1/2022 13:26:47",120,"yes; surface water","none of the above",NA,NA,NA,NA,"no","melofton@vt.edu"
"3/1/2022 13:30:13",121,"yes; surface water","forecast","no","no","numerical ecosystem simulation (e.g. GLM-AED)",NA,"yes","melofton@vt.edu"
"3/1/2022 13:32:09",122,"yes; surface water","forecast","no","yes","machine learning, either process-guided or not process-guided (e.g. ANN)",NA,"no","melofton@vt.edu"
"3/1/2022 13:33",123,"yes; surface water","forecast","yes","yes","ARIMA",NA,"yes","melofton@vt.edu"
"6/6/2022 6:46",124,"yes; surface water","forecast","no","yes","machine",NA,"no","melofton@vt.edu"
"6/6/2022 6:47:22",125,"yes; surface water","none of the above",NA,NA,"numerical ecosystem simulation (e.g. GLM-AED)",NA,"no","melofton@vt.edu"
"6/6/2022 6:48:46",126,"yes; surface water","forecast","yes","yes","numerical",NA,"yes","melofton@vt.edu"
"6/6/2022 6:49:55",127,"yes; surface water","forecast","yes","no","empirical",NA,"no","melofton@vt.edu"
"6/6/2022 6:51:22",128,"yes; surface water","forecast","yes","yes","process-based",NA,"yes","melofton@vt.edu"
"6/6/2022 6:52:46",129,"yes; surface water","hindcast","yes","yes","machine",NA,"yes","melofton@vt.edu"
"6/6/2022 6:54:38",130,"yes; surface water","none of the above",NA,NA,"machine learning, either process-guided or not process-guided (e.g. ANN)",NA,"no","melofton@vt.edu"
"6/6/2022 7:00:09",131,"yes; surface water","hindcast","no","yes","machine learning, either process-guided or not process-guided (e.g. ANN)",NA,"no","melofton@vt.edu"
"6/6/2022 7:02:11",133,"yes; surface water","hindcast","yes","yes","numerical",NA,"no","melofton@vt.edu"
"6/6/2022 7:05:14",134,"yes; surface water","none of the above",NA,NA,"process-based but not ecosystem simulation (e.g. age-structured population model)",NA,"yes","melofton@vt.edu"
"6/6/2022 7:09:28",135,"yes; surface water","nowcast","no","yes","empirical model but not a time series model (e.g. multiple regression)",NA,"no","melofton@vt.edu"
"6/6/2022 7:10:36",136,"yes; surface water","forecast","yes","no","numerical",NA,"yes","melofton@vt.edu"
"6/6/2022 7:12:27",137,"yes; surface water","hindcast","yes","yes","numerical",NA,"no","melofton@vt.edu"
"6/6/2022 7:13:29",138,"yes; surface water","none of the above",NA,NA,NA,NA,"no","melofton@vt.edu"
"6/6/2022 7:16:42",139,"yes; surface water","hindcast","no","yes","machine learning, either process-guided or not process-guided (e.g. ANN)",NA,"yes","melofton@vt.edu"
"6/6/2022 7:17:38",140,"yes; surface water","none of the above",NA,NA,NA,NA,"no","melofton@vt.edu"
"6/6/2022 7:18:36",141,"yes; surface water","forecast","no","yes","empirical model but not a time series model (e.g. multiple regression)",NA,"yes","melofton@vt.edu"
"6/6/2022 7:21:24",143,"yes; surface water","hindcast","no","yes","numerical ecosystem simulation (e.g. GLM-AED)",NA,"yes","melofton@vt.edu"
"6/17/2022 8:02:24",144,"yes; surface water","forecast","no","yes","machine learning, either process-guided or not process-guided (e.g. ANN)",NA,"no","melofton@vt.edu"
"6/6/2022 7:26:42",145,"yes; surface water","forecast","yes","no","empirical",NA,"yes","melofton@vt.edu"
"6/6/2022 7:30:39",146,"yes; surface water","forecast","no","yes","machine learning, either process-guided or not process-guided (e.g. ANN)",NA,"no","melofton@vt.edu"
"6/6/2022 7:31:17",147,"no",NA,NA,NA,NA,NA,NA,"melofton@vt.edu"
"6/6/2022 7:32:20",148,"yes; surface water","forecast","no","yes","machine learning, either process-guided or not process-guided (e.g. ANN)",NA,"yes","melofton@vt.edu"
"6/6/2022 7:35:24",149,"yes; surface water","forecast","yes","no","numerical",NA,"yes","melofton@vt.edu"
"6/6/2022 7:37:12",150,"yes; surface water","forecast","no","yes","empirical model but not a time series model (e.g. multiple regression)",NA,"yes","melofton@vt.edu"
"6/6/2022 7:39:01",151,"yes; surface water","nowcast","no","yes","machine learning, either process-guided or not process-guided (e.g. ANN)",NA,"no","melofton@vt.edu"
"6/6/2022 7:39:40",152,"yes; surface water","none of the above",NA,NA,NA,NA,"yes","melofton@vt.edu"
"6/6/2022 7:42:08",153,"yes; surface water","hindcast","yes","yes","machine",NA,"yes","melofton@vt.edu"
"6/6/2022 7:43:42",154,"yes; surface water","none of the above",NA,NA,NA,NA,"yes","melofton@vt.edu"
"6/6/2022 7:46:13",155,"yes; surface water","forecast","no","yes","numerical ecosystem simulation (e.g. GLM-AED)",NA,"yes","melofton@vt.edu"
"6/6/2022 7:47:11",156,"yes; surface water","hindcast","yes","yes","numerical, empirical","focus on decision support","yes","melofton@vt.edu"
"6/6/2022 7:51:18",157,"yes; surface water","none of the above",NA,NA,NA,NA,"yes","melofton@vt.edu"
"6/6/2022 7:52:55",158,"yes; surface water","forecast","no","yes","machine learning, either process-guided or not process-guided (e.g. ANN)",NA,"yes","melofton@vt.edu"
"6/6/2022 7:53:39",159,"yes; surface water","hindcast","yes","yes","machine",NA,"yes","melofton@vt.edu"
"6/6/2022 7:56:06",160,"yes; surface water","hindcast","no","yes","machine learning, either process-guided or not process-guided (e.g. ANN)",NA,"yes","melofton@vt.edu"
"6/6/2022 7:56:47",161,"no",NA,NA,NA,NA,NA,NA,"melofton@vt.edu"
"6/6/2022 7:58:12",162,"yes; surface water","forecast","no","yes","empirical model but not a time series model (e.g. multiple regression)",NA,"no","melofton@vt.edu"
"6/6/2022 8:01:58",164,"yes; surface water","hindcast","no","yes","machine learning, either process-guided or not process-guided (e.g. ANN)",NA,"no","melofton@vt.edu"
"6/6/2022 8:04:16",165,"yes; surface water","forecast","yes","no","empirical",NA,"no","melofton@vt.edu"
"6/6/2022 8:05:20",166,"yes; surface water","hindcast","yes","yes","process-based, empirical","review of Great Lakes forecasting system --> check this out!","yes","melofton@vt.edu"
"6/6/2022 8:07:46",167,"no",NA,NA,NA,NA,NA,NA,"melofton@vt.edu"
"6/6/2022 8:09:48",168,"yes; surface water","forecast","no","yes","machine learning, either process-guided or not process-guided (e.g. ANN)",NA,"yes","melofton@vt.edu"
"6/6/2022 8:11:35",169,"yes; groundwater","forecast","no","no","numerical ecosystem simulation (e.g. GLM-AED)",NA,"no","melofton@vt.edu"
"6/6/2022 8:14:15",172,"yes; surface water","hindcast","yes","yes","numerical","evaluation of mid-Atlantic ensemble streamflow forecasts --> check b/c relevant to our region","yes","melofton@vt.edu"
"6/6/2022 8:14:56",173,"yes; surface water","hindcast","yes","yes","ARIMA, process-based, empirical",NA,"yes","melofton@vt.edu"
"6/6/2022 8:18:09",174,"yes; surface water","hindcast","no","yes","machine learning, either process-guided or not process-guided (e.g. ANN)",NA,"yes","melofton@vt.edu"
"6/6/2022 8:18:55",175,"yes; surface water","hindcast","yes","yes","ARIMA",NA,"yes","melofton@vt.edu"
"6/6/2022 8:19:56",176,"yes; surface water","none of the above",NA,NA,NA,NA,"no","melofton@vt.edu"
"6/6/2022 8:20:47",177,"yes; surface water","forecast","yes","yes","empirical",NA,"yes","melofton@vt.edu"
"6/6/2022 8:23:40",178,"yes; surface water","forecast","no","yes","empirical model but not a time series model (e.g. multiple regression)",NA,"yes","melofton@vt.edu"
"6/6/2022 8:27:26",179,"yes; surface water","forecast","no","yes","machine learning, either process-guided or not process-guided (e.g. ANN)",NA,"yes","melofton@vt.edu"
"6/6/2022 8:28:08",180,"no",NA,NA,NA,NA,NA,NA,"melofton@vt.edu"
"6/6/2022 8:30:55",181,"yes; groundwater","forecast","no","no","machine learning, either process-guided or not process-guided (e.g. ANN)",NA,"yes","melofton@vt.edu"
"6/6/2022 8:32:47",182,"yes; surface water","hindcast","no","yes","machine learning, either process-guided or not process-guided (e.g. ANN)",NA,"yes","melofton@vt.edu"
"6/6/2022 8:34:36",183,"yes; groundwater","hindcast","yes","yes","numerical",NA,"yes","melofton@vt.edu"
"6/6/2022 12:03:20",184,"yes; surface water","forecast","no","yes","time series model (e.g. ARIMA)",NA,"yes","melofton@vt.edu"
"6/6/2022 12:05:35",185,"yes; surface water","forecast","yes","yes","process-based, empirical",NA,"yes","melofton@vt.edu"
"6/6/2022 12:06:20",186,"yes; surface water","none of the above",NA,NA,NA,NA,"no","melofton@vt.edu"
"6/6/2022 12:11:07",187,"yes; surface water","forecast","no","yes","process-based but not ecosystem simulation (e.g. age-structured population model)",NA,"yes","melofton@vt.edu"
"6/6/2022 12:12:05",188,"yes; surface water","hindcast","yes","yes","numerical",NA,"yes","melofton@vt.edu"
"6/6/2022 12:14:17",189,"yes; surface water","none of the above",NA,NA,NA,NA,"yes","melofton@vt.edu"
"6/6/2022 12:19:43",190,"yes; surface water","none of the above",NA,NA,NA,NA,"yes","melofton@vt.edu"
"6/6/2022 12:22",191,"yes; surface water","none of the above",NA,NA,NA,NA,NA,"melofton@vt.edu"
"6/6/2022 12:27:28",193,"yes; surface water","hindcast","no","yes","numerical ecosystem simulation (e.g. GLM-AED)",NA,"no","melofton@vt.edu"
"6/6/2022 12:28:35",194,"yes; surface water","none of the above",NA,NA,NA,NA,"no","melofton@vt.edu"
"6/6/2022 12:29:18",195,"yes; surface water","forecast","yes","yes","empirical, machine",NA,"yes","melofton@vt.edu"
"6/6/2022 12:29:55",196,"yes; surface water","none of the above",NA,NA,NA,NA,"yes","melofton@vt.edu"
"6/6/2022 12:31:03",197,"no",NA,NA,NA,NA,NA,NA,"melofton@vt.edu"
"6/6/2022 12:33:53",199,"yes; surface water","forecast","yes","yes","ARIMA",NA,"yes","melofton@vt.edu"
"6/6/2022 12:36:32",200,"yes; surface water","forecast","no","yes","machine learning, either process-guided or not process-guided (e.g. ANN)",NA,"yes","melofton@vt.edu"
"6/6/2022 12:39:51",201,"yes; surface water","nowcast","no","yes","numerical ecosystem simulation (e.g. GLM-AED)",NA,"yes","melofton@vt.edu"
"6/6/2022 12:44:14",202,"yes; surface water","forecast","yes","no","numerical",NA,"yes","melofton@vt.edu"
"6/6/2022 12:45",203,"yes; surface water","forecast","yes","yes","numerical ecosystem simulation (e.g. GLM-AED)","not in English","yes","melofton@vt.edu"
"6/6/2022 12:48:07",204,"yes; surface water","forecast","yes","no","numerical",NA,"yes","melofton@vt.edu"
"6/17/2022 8:05:20",205,"yes; surface water","forecast","no","yes","time series model (e.g. ARIMA), machine learning, either process-guided or not process-guided (e.g. ANN)",NA,"no","melofton@vt.edu"
"6/17/2022 8:49:09",206,"yes; surface water","none of the above",NA,NA,NA,NA,"yes","melofton@vt.edu"
"6/6/2022 12:53:43",207,"yes; surface water","forecast","yes","yes","numerical, empirical",NA,"yes","melofton@vt.edu"
"6/6/2022 12:54:46",208,"yes; surface water","forecast","yes","yes","empirical, numerical",NA,"yes","melofton@vt.edu"
"6/6/2022 12:55:45",209,"yes; surface water","forecast","yes","yes","numerical",NA,"yes","melofton@vt.edu"
"6/6/2022 12:58:51",210,"yes; surface water","none of the above",NA,NA,NA,NA,"yes","melofton@vt.edu"
"6/6/2022 13:03",211,"yes; surface water","hindcast","no","yes","machine learning, either process-guided or not process-guided (e.g. ANN)",NA,"no","melofton@vt.edu"
"6/6/2022 13:06:24",212,"yes; surface water","forecast","no","yes","machine learning, either process-guided or not process-guided (e.g. ANN)",NA,"yes","melofton@vt.edu"
"6/6/2022 13:07:42",213,"yes; surface water","none of the above",NA,NA,NA,NA,"yes","melofton@vt.edu"
"6/6/2022 13:10:04",214,"yes; surface water","forecast","no","yes","machine learning, either process-guided or not process-guided (e.g. ANN)",NA,"yes","melofton@vt.edu"
"6/6/2022 13:11:08",215,"no",NA,NA,NA,NA,NA,NA,"melofton@vt.edu"
"6/6/2022 13:12:22",216,"yes; surface water","none of the above",NA,NA,NA,NA,"yes","melofton@vt.edu"
"6/6/2022 13:13:32",217,"yes; surface water","none of the above",NA,NA,NA,NA,"yes","melofton@vt.edu"
"3/1/2022 8:35",219,"yes; surface water","hindcast","yes","yes","numerical",NA,"yes","melofton@vt.edu"
"3/1/2022 8:43",220,"yes; surface water","none of the above","no",NA,NA,NA,"no","melofton@vt.edu"
"3/1/2022 8:40",221,"yes; surface water","forecast","no","no","empirical model but not a time series model (e.g. multiple regression)",NA,"yes","melofton@vt.edu"
"3/1/2022 10:33",222,"yes; surface water","hindcast","no","yes","machine learning, either process-guided or not process-guided (e.g. ANN)",NA,"no","melofton@vt.edu"
"6/6/2022 13:28:36",223,"yes; surface water","forecast","no","yes","machine learning, either process-guided or not process-guided (e.g. ANN)",NA,"yes","melofton@vt.edu"
"3/1/2022 10:35",224,"yes; surface water","hindcast","no","yes","machine learning, either process-guided or not process-guided (e.g. ANN)",NA,"yes","melofton@vt.edu"
"3/1/2022 10:38",225,"yes; surface water","forecast","yes","yes","machine",NA,"yes","melofton@vt.edu"
"6/6/2022 17:24:53",226,"yes; surface water","none of the above",NA,NA,NA,NA,"no","melofton@vt.edu"
"6/6/2022 17:26:14",227,"yes; surface water","none of the above",NA,NA,NA,NA,"no","melofton@vt.edu"
"6/6/2022 17:27:13",228,"yes; groundwater","none of the above",NA,NA,NA,NA,"no","melofton@vt.edu"
"6/6/2022 17:27:55",229,"yes; surface water","forecast","yes","yes","machine",NA,"yes","melofton@vt.edu"
"6/6/2022 17:28:43",230,"yes; surface water","forecast","yes","no","numerical",NA,"yes","melofton@vt.edu"
"6/6/2022 17:35:16",231,"yes; surface water","none of the above",NA,NA,NA,NA,"yes","melofton@vt.edu"
"6/6/2022 17:55:26",232,"yes; surface water","forecast","yes","yes","empirical",NA,"yes","melofton@vt.edu"
"6/6/2022 17:56:34",233,"yes; surface water","forecast","yes","yes","empirical",NA,"yes","melofton@vt.edu"
"6/6/2022 17:58:53",235,"yes; surface water","forecast","yes","yes","numerical",NA,"yes","melofton@vt.edu"
"6/6/2022 18:00:02",236,"yes; groundwater","none of the above",NA,NA,NA,NA,"no","melofton@vt.edu"
"6/6/2022 18:02",237,"yes; surface water","forecast","no","yes","time series model (e.g. ARIMA); machine learning, either process-guided or not process-guided (e.g. ANN)",NA,"yes","melofton@vt.edu"
"6/6/2022 18:03:03",238,"yes; surface water","forecast","yes","no","empirical",NA,"no","melofton@vt.edu"
"6/6/2022 18:05:27",239,"yes; surface water","forecast","no","yes","machine learning, either process-guided or not process-guided (e.g. ANN)",NA,"no","melofton@vt.edu"
"6/17/2022 7:57:08",240,"yes; surface water","forecast","no","yes","machine learning, either process-guided or not process-guided (e.g. ANN)",NA,"yes","melofton@vt.edu"
"6/6/2022 18:08:31",241,"yes; surface water","forecast","yes","no","empirical, machine",NA,"no","melofton@vt.edu"
"6/6/2022 18:09:25",242,"yes; surface water","none of the above",NA,NA,NA,"review paper of flood forecasting might be worth looking into","yes","melofton@vt.edu"
"6/7/2022 7:36:52",244,"yes; surface water","forecast","no","yes","numerical ecosystem simulation (e.g. GLM-AED)","couples reservoir forecast to model of profit for farmers; focus on end users","yes","melofton@vt.edu"
"6/7/2022 7:39:07",245,"yes; surface water","forecast","no","yes","numerical ecosystem simulation (e.g. GLM-AED), empirical model but not a time series model (e.g. multiple regression)",NA,"yes","melofton@vt.edu"
"6/7/2022 7:41:32",246,"yes; surface water","forecast","no","no","numerical ecosystem simulation (e.g. GLM-AED)",NA,"yes","melofton@vt.edu"
"6/7/2022 7:42:42",247,"yes; surface water","none of the above",NA,NA,NA,NA,"yes","melofton@vt.edu"
"6/7/2022 7:44:07",248,"yes; surface water","none of the above",NA,NA,NA,NA,"yes","melofton@vt.edu"
"6/7/2022 7:49:18",249,"yes; surface water","forecast","no","yes","process-based but not ecosystem simulation (e.g. age-structured population model)",NA,"no","melofton@vt.edu"
"6/7/2022 7:51:06",250,"yes; surface water","forecast","no","yes","machine learning, either process-guided or not process-guided (e.g. ANN)",NA,"no","melofton@vt.edu"
"6/7/2022 8:35:35",251,"yes; surface water","none of the above",NA,NA,NA,NA,"yes","melofton@vt.edu"
"6/7/2022 8:37:06",252,"no",NA,NA,NA,NA,NA,NA,"melofton@vt.edu"
"6/7/2022 8:41:36",253,"yes; groundwater","forecast","no","yes","machine learning, either process-guided or not process-guided (e.g. ANN)",NA,"yes","melofton@vt.edu"
"6/7/2022 8:44:22",254,"yes; surface water","none of the above",NA,NA,NA,NA,"yes","melofton@vt.edu"
"6/7/2022 8:45:34",255,"yes; surface water","none of the above",NA,NA,NA,NA,"yes","melofton@vt.edu"
"6/7/2022 8:47:18",257,"yes; surface water","forecast","yes","yes","numerical, machine",NA,"yes","melofton@vt.edu"
"6/7/2022 8:50:31",258,"yes; surface water","none of the above",NA,NA,NA,NA,"yes","melofton@vt.edu"
"6/7/2022 8:51:57",259,"yes; surface water","forecast","yes","yes","machine",NA,"yes","melofton@vt.edu"
"6/7/2022 8:54:55",260,"yes; surface water","forecast","no","no","numerical ecosystem simulation (e.g. GLM-AED)",NA,"no","melofton@vt.edu"
"6/7/2022 8:56:02",261,"yes; surface water","none of the above",NA,NA,NA,NA,"yes","melofton@vt.edu"
"6/7/2022 8:57:32",262,"yes; surface water","forecast","yes","yes","numerical",NA,"yes","melofton@vt.edu"
"6/7/2022 9:00:01",263,"yes; surface water","forecast","no","yes","machine learning, either process-guided or not process-guided (e.g. ANN)",NA,"yes","melofton@vt.edu"
"6/7/2022 9:01:08",264,"yes; surface water","none of the above",NA,NA,NA,"review of ANNs in hydrology - could be useful","yes","melofton@vt.edu"
"6/7/2022 9:02:25",265,"yes; surface water","none of the above",NA,NA,NA,NA,"no","melofton@vt.edu"
"6/17/2022 8:12:22",266,"yes; surface water","forecast","no","yes","machine learning, either process-guided or not process-guided (e.g. ANN)",NA,"no","melofton@vt.edu"
"6/7/2022 9:05:26",267,"yes; surface water","hindcast","yes","yes","empirical, process-based",NA,"yes","melofton@vt.edu"
"6/7/2022 9:08:15",268,"yes; surface water","none of the above",NA,NA,NA,"paper looks at relationship between forecast skill and value but forecasts are synthetic??","yes","melofton@vt.edu"
"6/7/2022 9:26:11",269,"yes; surface water","forecast","no","yes","time series model (e.g. ARIMA), machine learning, either process-guided or not process-guided (e.g. ANN), process-based but not ecosystem simulation (e.g. age-structured population model)",NA,"yes","melofton@vt.edu"
"6/7/2022 9:27:37",270,"yes; groundwater","forecast","no","no","process-based but not ecosystem simulation (e.g. age-structured population model)",NA,"yes","melofton@vt.edu"
"6/7/2022 9:33:21",272,"yes; groundwater","forecast","no","yes","machine learning, either process-guided or not process-guided (e.g. ANN)",NA,"yes","melofton@vt.edu"
"6/7/2022 9:36:08",273,"yes; surface water","nowcast","no","yes","empirical model but not a time series model (e.g. multiple regression), machine learning, either process-guided or not process-guided (e.g. ANN)",NA,"yes","melofton@vt.edu"
"6/7/2022 9:37:32",275,"yes; surface water","none of the above",NA,NA,NA,NA,"yes","melofton@vt.edu"
"6/7/2022 9:39:33",277,"yes; surface water","none of the above",NA,NA,"process-based",NA,"yes","melofton@vt.edu"
"6/7/2022 9:40:22",278,"yes; surface water","none of the above",NA,NA,NA,NA,"no","melofton@vt.edu"
"6/7/2022 9:41:06",279,"yes; surface water","hindcast","yes","yes","numerical, ARIMA",NA,"yes","melofton@vt.edu"
"6/7/2022 9:43:02",281,"yes; surface water","none of the above",NA,NA,NA,NA,"no","melofton@vt.edu"
"6/7/2022 9:44:05",282,"yes; surface water","none of the above",NA,NA,NA,NA,"yes","melofton@vt.edu"
"6/7/2022 9:44:49",283,"yes; surface water","forecast","yes","yes","process-based, numerical",NA,"yes","melofton@vt.edu"
"6/7/2022 9:46:08",284,"yes; surface water","none of the above",NA,NA,NA,NA,"yes","melofton@vt.edu"
"6/7/2022 9:47:04",285,"yes; surface water","forecast","yes","yes","numerical",NA,"yes","melofton@vt.edu"
"6/7/2022 9:47:28",286,"no",NA,NA,NA,NA,NA,NA,"melofton@vt.edu"
"6/7/2022 9:50:12",287,"yes; surface water","forecast","yes","yes","empirical, machine",NA,"yes","melofton@vt.edu"
"6/7/2022 9:51:07",288,"yes; surface water","none of the above",NA,NA,NA,NA,"yes","melofton@vt.edu"
"6/7/2022 9:52:14",289,"yes; surface water","forecast","yes","yes","numerical",NA,"yes","melofton@vt.edu"
"6/7/2022 9:53:24",290,"yes; surface water","forecast","yes","no","numerical",NA,"yes","melofton@vt.edu"
"6/7/2022 9:54:39",291,"yes; surface water","forecast","yes","yes","machine",NA,"yes","melofton@vt.edu"
"6/7/2022 9:57:51",293,"yes; surface water","none of the above",NA,NA,NA,NA,"yes","melofton@vt.edu"
"6/7/2022 10:07:19",294,"yes; surface water","none of the above",NA,NA,NA,NA,"yes","melofton@vt.edu"
"6/7/2022 10:09:30",295,"yes; surface water","forecast","yes","no","process-based",NA,"no","melofton@vt.edu"
"6/7/2022 10:12:06",296,"yes; surface water","forecast","no","yes","machine learning, either process-guided or not process-guided (e.g. ANN)",NA,"yes","melofton@vt.edu"
"6/7/2022 10:13:13",297,"yes; surface water","none of the above",NA,NA,NA,"review paper of AI in hydrology - might be useful","yes","melofton@vt.edu"
"6/7/2022 10:18:47",298,"yes; surface water","forecast","no","yes","empirical model but not a time series model (e.g. multiple regression), machine learning, either process-guided or not process-guided (e.g. ANN)",NA,"yes","melofton@vt.edu"
"6/7/2022 10:20:45",299,"yes; surface water","none of the above",NA,NA,NA,NA,"yes","melofton@vt.edu"
"6/7/2022 10:21:54",300,"yes; surface water","forecast","yes","yes","machine, empirical","focus is on how streamflow forecasts affect water allocation for agriculture (focus on end user)","yes","melofton@vt.edu"
"6/7/2022 10:24:07",301,"yes; surface water","nowcast","no","yes","machine learning, either process-guided or not process-guided (e.g. ANN)",NA,"yes","melofton@vt.edu"
"6/7/2022 10:25:52",302,"yes; surface water","forecast","yes","yes","process-based, numerical",NA,"yes","melofton@vt.edu"
"6/7/2022 10:27:38",303,"yes; groundwater","forecast","no","yes","numerical ecosystem simulation (e.g. GLM-AED)",NA,"yes","melofton@vt.edu"
"6/7/2022 10:31:27",305,"yes; surface water","none of the above",NA,NA,NA,NA,"yes","melofton@vt.edu"
"6/7/2022 10:34:36",307,"yes; surface water","hindcast","yes","yes","numerical",NA,"yes","melofton@vt.edu"
"6/7/2022 10:35:33",308,"yes; surface water","forecast","yes","yes","numerical",NA,"yes","melofton@vt.edu"
"6/7/2022 10:36:26",309,"yes; surface water","none of the above",NA,NA,NA,NA,"yes","melofton@vt.edu"
"6/7/2022 10:40:21",310,"yes; surface water","forecast","no","yes","numerical ecosystem simulation (e.g. GLM-AED)",NA,"no","melofton@vt.edu"
"6/7/2022 10:41:57",311,"no",NA,NA,NA,NA,NA,NA,"melofton@vt.edu"
"6/7/2022 10:44:35",312,"yes; groundwater","nowcast","no","yes","machine learning, either process-guided or not process-guided (e.g. ANN)",NA,"no","melofton@vt.edu"
"6/7/2022 10:46:31",313,"yes; groundwater","forecast","yes","yes","numerical",NA,"yes","melofton@vt.edu"
"6/7/2022 10:47:35",314,"no",NA,NA,NA,NA,NA,NA,"melofton@vt.edu"
"6/7/2022 10:48:40",315,"yes; surface water","none of the above",NA,NA,NA,"super interesting assessment of how decision makers use forecasts - good to check out","yes","melofton@vt.edu"
"6/7/2022 10:49:38",316,"yes; surface water","hindcast","yes","yes","process-based",NA,"yes","melofton@vt.edu"
"6/7/2022 10:50:53",317,"yes; surface water","none of the above",NA,NA,NA,NA,"no","melofton@vt.edu"
"6/7/2022 10:52:53",318,"yes; surface water","forecast","no","yes","machine learning, either process-guided or not process-guided (e.g. ANN)",NA,"yes","melofton@vt.edu"
"6/7/2022 10:53:41",319,"yes; surface water","forecast","yes","no","numerical",NA,"no","melofton@vt.edu"
"6/7/2022 10:57:03",322,"yes; surface water","forecast","no","yes","machine learning, either process-guided or not process-guided (e.g. ANN)",NA,"yes","melofton@vt.edu"
"6/7/2022 12:12:18",324,"yes; surface water","forecast","yes","yes","ARIMA",NA,"yes","melofton@vt.edu"
"6/17/2022 8:14:08",325,"yes; surface water","forecast","no","yes","machine learning, either process-guided or not process-guided (e.g. ANN)",NA,"yes","melofton@vt.edu"
"6/7/2022 12:15:02",326,"yes; surface water","forecast","yes","yes","machine",NA,"no","melofton@vt.edu"
"6/7/2022 12:20:02",328,"yes; surface water","none of the above",NA,NA,NA,NA,"yes","melofton@vt.edu"
"6/17/2022 8:21:18",329,"yes; surface water","forecast","yes","yes","numerical",NA,"yes","melofton@vt.edu"
"6/7/2022 12:25:23",330,"yes; surface water","forecast","no","yes","machine learning, either process-guided or not process-guided (e.g. ANN)",NA,"yes","melofton@vt.edu"
"6/7/2022 12:26:22",331,"yes; surface water","none of the above",NA,NA,NA,"study relating forecast skill and value; might be good to check out","yes","melofton@vt.edu"
"6/7/2022 12:28:08",333,"yes; surface water","forecast","no","yes","machine learning, either process-guided or not process-guided (e.g. ANN)",NA,"no","melofton@vt.edu"
"6/7/2022 12:28:41",334,"yes; surface water","none of the above",NA,NA,NA,NA,"no","melofton@vt.edu"
"6/7/2022 12:33:39",335,"yes; surface water","forecast","no","yes","machine learning, either process-guided or not process-guided (e.g. ANN)",NA,"no","melofton@vt.edu"
"6/7/2022 12:35:14",336,"yes; surface water","forecast","no","yes","numerical ecosystem simulation (e.g. GLM-AED), process-based but not ecosystem simulation (e.g. age-structured population model)",NA,"yes","melofton@vt.edu"
"6/7/2022 12:36:10",337,"yes; surface water","hindcast","yes","yes","numerical",NA,"yes","melofton@vt.edu"
"6/7/2022 12:37:19",338,"yes; surface water","forecast","yes","yes","machine",NA,"no","melofton@vt.edu"
"6/7/2022 12:38:51",339,"yes; surface water","forecast","yes","yes","numerical",NA,"yes","melofton@vt.edu"
"6/7/2022 12:40:10",340,"yes; surface water","hindcast","yes","yes","machine",NA,"yes","melofton@vt.edu"
"6/7/2022 12:41:58",341,"yes; groundwater","forecast","no","yes","machine learning, either process-guided or not process-guided (e.g. ANN)",NA,"yes","melofton@vt.edu"
"6/7/2022 12:44:30",343,"yes; surface water","forecast","can't tell","yes",NA,"paper not in English","yes","melofton@vt.edu"
"6/7/2022 12:47:36",344,"yes; surface water","none of the above",NA,NA,NA,NA,"yes","melofton@vt.edu"
"6/7/2022 12:50:03",345,"yes; surface water","forecast","no","yes","empirical model but not a time series model (e.g. multiple regression)",NA,"yes","melofton@vt.edu"
"6/7/2022 12:52:15",347,"no",NA,NA,NA,NA,NA,NA,"melofton@vt.edu"
"6/7/2022 12:52:55",348,"yes; surface water","forecast","yes","yes","process-based",NA,"yes","melofton@vt.edu"
"6/7/2022 12:57:10",349,"yes; surface water","forecast","no","yes","machine learning, either process-guided or not process-guided (e.g. ANN)",NA,"yes","melofton@vt.edu"
"6/7/2022 13:00:12",350,"yes; surface water","forecast","yes","yes","numerical",NA,"yes","melofton@vt.edu"
"6/7/2022 13:04:29",351,"yes; surface water","forecast","no","yes","empirical model but not a time series model (e.g. multiple regression)",NA,"yes","melofton@vt.edu"
"6/7/2022 13:06:02",352,"yes; surface water","forecast","no","yes","machine learning, either process-guided or not process-guided (e.g. ANN)",NA,"yes","melofton@vt.edu"
"6/7/2022 13:07:33",353,"yes; surface water","hindcast","yes","yes","ARIMA",NA,"yes","melofton@vt.edu"
"6/7/2022 13:08:26",354,"yes; surface water","none of the above",NA,NA,NA,NA,"no","melofton@vt.edu"
"6/7/2022 13:09:23",355,"yes; surface water","none of the above",NA,NA,NA,"LOOKS LIKE A REALLY IMPORTANT REVIEW OF ESF FROM JULY OF 2021 IN WRR","yes","melofton@vt.edu"
"6/7/2022 13:11:20",357,"yes; surface water","forecast","yes","yes","empirical, numerical",NA,"yes","melofton@vt.edu"
"6/7/2022 13:12:12",358,"yes; surface water","forecast","yes","yes","empirical",NA,"yes","melofton@vt.edu"
"6/7/2022 13:13:16",360,"yes; surface water","hindcast","yes","yes","process-based",NA,"yes","melofton@vt.edu"
"6/7/2022 13:15:07",362,"yes; surface water","forecast","no","yes","machine learning, either process-guided or not process-guided (e.g. ANN)",NA,"no","melofton@vt.edu"
"6/7/2022 13:15:42",363,"no",NA,NA,NA,NA,NA,NA,"melofton@vt.edu"
"6/8/2022 8:06:15",365,"yes; surface water","forecast","no","yes","machine learning, either process-guided or not process-guided (e.g. ANN)",NA,"yes","melofton@vt.edu"
"6/8/2022 8:08:25",366,"yes; surface water","forecast","no","yes","machine learning, either process-guided or not process-guided (e.g. ANN)",NA,"yes","melofton@vt.edu"
"6/8/2022 8:10:11",368,"yes; surface water","none of the above",NA,NA,NA,NA,"no","melofton@vt.edu"
"6/8/2022 8:12:04",369,"yes; surface water","forecast","no","yes","numerical ecosystem simulation (e.g. GLM-AED)",NA,"no","melofton@vt.edu"
"6/8/2022 8:15:51",370,"yes; surface water","forecast","no","yes","time series model (e.g. ARIMA), empirical model but not a time series model (e.g. multiple regression)",NA,"no","melofton@vt.edu"
"6/8/2022 8:16:47",371,"yes; surface water","none of the above",NA,NA,NA,NA,"yes","melofton@vt.edu"
"6/8/2022 8:21:14",372,"yes; groundwater","forecast","no","yes","empirical model but not a time series model (e.g. multiple regression)",NA,"no","melofton@vt.edu"
"6/8/2022 8:26:39",373,"yes; surface water","none of the above",NA,NA,NA,NA,"yes","melofton@vt.edu"
"6/8/2022 8:28:36",374,"yes; surface water","forecast","yes","yes","empirical",NA,"no","melofton@vt.edu"
"6/8/2022 8:30:49",375,"yes; groundwater","forecast","no","yes","machine learning, either process-guided or not process-guided (e.g. ANN)",NA,"yes","melofton@vt.edu"
"6/8/2022 8:33:12",377,"yes; surface water","none of the above",NA,NA,NA,NA,"yes","melofton@vt.edu"
"6/8/2022 8:37:11",378,"yes; surface water","forecast","no","yes","machine learning, either process-guided or not process-guided (e.g. ANN)",NA,"yes","melofton@vt.edu"
"6/8/2022 8:38:04",379,"yes; surface water","forecast","yes","no","empirical",NA,"no","melofton@vt.edu"
"6/8/2022 8:41:12",381,"yes; surface water","forecast","yes","yes","process-based",NA,"yes","melofton@vt.edu"
"6/8/2022 8:42:56",382,"yes; surface water","forecast","no","yes","machine learning, either process-guided or not process-guided (e.g. ANN)",NA,"yes","melofton@vt.edu"
"6/8/2022 8:47:22",383,"yes; surface water","forecast","no","yes","numerical ecosystem simulation (e.g. GLM-AED), empirical model but not a time series model (e.g. multiple regression)",NA,"yes","melofton@vt.edu"
"3/1/2022 7:47",384,"yes; surface water","forecast","no","no","process-based but not ecosystem simulation (e.g. age-structured population model)","This a proposed forecast system.","yes","melofton@vt.edu"
"3/1/2022 7:53",385,"yes; surface water","hindcast","no","yes","machine learning, either process-guided or not process-guided (e.g. ANN)",NA,"yes","melofton@vt.edu"
"3/1/2022 7:56",386,"yes; surface water","none of the above",NA,"no","time series model (e.g. ARIMA)",NA,"yes","melofton@vt.edu"
"6/28/2022 7:44:29",387,"yes; surface water","forecast","no","yes","machine learning, either process-guided or not process-guided (e.g. ANN)",NA,"yes","melofton@vt.edu"
"6/28/2022 7:46:51",389,"yes; surface water","forecast","yes","no","numerical ecosystem simulation (e.g. GLM-AED)",NA,"yes","melofton@vt.edu"
"3/1/2022 8:19",390,"yes; surface water","hindcast","no","yes","process-based but not ecosystem simulation (e.g. age-structured population model)",NA,"yes","melofton@vt.edu"
"7/5/2022 7:19:18",392,"yes; surface water","none of the above",NA,NA,NA,NA,"yes","melofton@vt.edu"
"3/1/2022 8:26",393,"yes; surface water","hindcast","yes","yes","other","Used a model for reservoir demand","yes","melofton@vt.edu"
"3/1/2022 9:35",395,"yes; groundwater","none of the above",NA,"no","machine learning, either process-guided or not process-guided (e.g. ANN)",NA,"no","melofton@vt.edu"
"3/1/2022 9:36",397,"yes; surface water",NA,NA,NA,NA,"Systematic review paper? For reference maybe","no","melofton@vt.edu"
"7/5/2022 7:23:28",398,"yes; surface water","none of the above",NA,NA,NA,"nice overview of river flood forecasting in Canada but no forecast presented","yes","melofton@vt.edu"
"3/1/2022 9:41",399,"yes; surface water","none of the above",NA,"no","machine learning, either process-guided or not process-guided (e.g. ANN)",NA,"yes","melofton@vt.edu"
"3/1/2022 9:43",400,"yes; surface water","forecast","no","no","process-based but not ecosystem simulation (e.g. age-structured population model)",NA,"yes","melofton@vt.edu"
"3/1/2022 9:46",401,"yes; surface water","forecast","no","yes","process-based but not ecosystem simulation (e.g. age-structured population model)",NA,"yes","melofton@vt.edu"
"3/1/2022 9:50",403,"yes; surface water","hindcast","yes","yes","process-based but not ecosystem simulation (e.g. age-structured population model)",NA,"yes","melofton@vt.edu"
"3/1/2022 9:54",404,"yes; surface water","hindcast","no","yes","process-based but not ecosystem simulation (e.g. age-structured population model)",NA,"yes","melofton@vt.edu"
"7/5/2022 7:29:58",405,"yes; surface water","forecast","no","yes","empirical model but not a time series model (e.g. multiple regression), machine learning, either process-guided or not process-guided (e.g. ANN)",NA,"yes","melofton@vt.edu"
"6/28/2022 10:57:28",408,"yes; surface water","forecast","yes","yes","numerical ecosystem simulation (e.g. GLM-AED)",NA,"yes","melofton@vt.edu"
"6/28/2022 10:58:25",409,"yes; surface water","forecast","yes","yes","process-based but not ecosystem simulation (e.g. age-structured population model), time series model (e.g. ARIMA), empirical model but not a time series model (e.g. multiple regression), machine learning, either process-guided or not process-guided (e.g. ANN)",NA,"yes","melofton@vt.edu"
"6/28/2022 10:59:57",410,"yes; surface water","forecast","no","yes","machine learning, either process-guided or not process-guided (e.g. ANN)",NA,"yes","melofton@vt.edu"
"6/28/2022 11:01:16",411,"yes; surface water","forecast","yes","yes","numerical ecosystem simulation (e.g. GLM-AED)",NA,"no","melofton@vt.edu"
"6/28/2022 11:05:07",412,"yes; surface water","forecast","yes","yes","numerical ecosystem simulation (e.g. GLM-AED)",NA,"yes","melofton@vt.edu"
"6/28/2022 11:07:39",413,"yes; surface water","forecast","yes","yes","numerical ecosystem simulation (e.g. GLM-AED)",NA,"yes","melofton@vt.edu"
"6/28/2022 11:09:09",414,"yes; surface water","forecast","no","yes","machine learning, either process-guided or not process-guided (e.g. ANN)",NA,"yes","melofton@vt.edu"
"6/28/2022 11:10:25",415,"yes; surface water","forecast","no","yes","machine learning, either process-guided or not process-guided (e.g. ANN)",NA,"yes","melofton@vt.edu"
"6/28/2022 11:10:51",416,"yes; surface water","forecast","yes","yes","numerical ecosystem simulation (e.g. GLM-AED), process-based but not ecosystem simulation (e.g. age-structured population model)",NA,"no","melofton@vt.edu"
"6/28/2022 11:13:49",417,"yes; surface water","forecast","no","yes","machine learning, either process-guided or not process-guided (e.g. ANN)",NA,"yes","melofton@vt.edu"
"6/28/2022 11:14:51",418,"yes; surface water","forecast","no","yes","machine learning, either process-guided or not process-guided (e.g. ANN)",NA,"yes","melofton@vt.edu"
"6/28/2022 11:18:27",419,"yes; surface water","forecast","yes","yes","numerical ecosystem simulation (e.g. GLM-AED), process-based but not ecosystem simulation (e.g. age-structured population model)",NA,"yes","melofton@vt.edu"
"6/28/2022 11:19:07",420,"yes; surface water","none of the above",NA,NA,NA,NA,"yes","melofton@vt.edu"
"6/28/2022 11:21:27",421,"yes; surface water","forecast","no","yes","machine learning, either process-guided or not process-guided (e.g. ANN)",NA,"no","melofton@vt.edu"
"6/28/2022 11:26:04",426,"yes; surface water","forecast","yes","yes","empirical model but not a time series model (e.g. multiple regression)",NA,"yes","melofton@vt.edu"
"6/28/2022 11:27:05",427,"yes; surface water","forecast","no","yes","machine learning, either process-guided or not process-guided (e.g. ANN)",NA,"yes","melofton@vt.edu"
"6/28/2022 11:28:57",428,"yes; surface water","hindcast","yes","yes","numerical ecosystem simulation (e.g. GLM-AED)",NA,"yes","melofton@vt.edu"
"6/28/2022 11:29:42",429,"yes; surface water","forecast","yes","yes","numerical ecosystem simulation (e.g. GLM-AED)",NA,"yes","melofton@vt.edu"
"6/28/2022 11:31:53",430,"yes; surface water","forecast","no","yes","machine learning, either process-guided or not process-guided (e.g. ANN)",NA,"yes","melofton@vt.edu"
"6/28/2022 11:33:12",431,"yes; surface water","forecast","no","yes","time series model (e.g. ARIMA), machine learning, either process-guided or not process-guided (e.g. ANN)",NA,"yes","melofton@vt.edu"
"6/28/2022 11:36:11",432,"yes; surface water","forecast","yes","yes","numerical ecosystem simulation (e.g. GLM-AED), machine learning, either process-guided or not process-guided (e.g. ANN)",NA,"yes","melofton@vt.edu"
"6/28/2022 11:37:30",433,"yes; surface water","forecast","no","yes","machine learning, either process-guided or not process-guided (e.g. ANN)",NA,"yes","melofton@vt.edu"
"6/28/2022 11:41:00",434,"yes; surface water","forecast","yes","yes","process-based but not ecosystem simulation (e.g. age-structured population model)",NA,"yes","melofton@vt.edu"
"6/28/2022 11:43:25",435,"yes; surface water","forecast","no","yes","machine learning, either process-guided or not process-guided (e.g. ANN)",NA,"yes","melofton@vt.edu"
"7/5/2022 7:34:06",437,"yes; surface water","forecast","no","yes","machine learning, either process-guided or not process-guided (e.g. ANN)",NA,"yes","melofton@vt.edu"
"6/28/2022 11:46:38",438,"yes; surface water","forecast","no","yes","machine learning, either process-guided or not process-guided (e.g. ANN)",NA,"yes","melofton@vt.edu"
"6/28/2022 11:49:19",440,"yes; surface water","none of the above",NA,NA,NA,NA,"yes","melofton@vt.edu"
"6/28/2022 11:51:03",441,"yes; surface water","forecast","yes","yes","numerical ecosystem simulation (e.g. GLM-AED)",NA,"yes","melofton@vt.edu"
"6/28/2022 11:55:03",442,"yes; surface water","forecast","no","yes","numerical ecosystem simulation (e.g. GLM-AED)",NA,"yes","melofton@vt.edu"
"6/28/2022 11:56:04",443,"yes; surface water","none of the above",NA,NA,NA,NA,"yes","melofton@vt.edu"
"6/28/2022 12:00:16",444,"yes; surface water","forecast","yes","yes","numerical ecosystem simulation (e.g. GLM-AED)",NA,"yes","melofton@vt.edu"
"6/28/2022 12:01:25",445,"yes; surface water","forecast","yes","yes","time series model (e.g. ARIMA), empirical model but not a time series model (e.g. multiple regression)",NA,"yes","melofton@vt.edu"
"6/28/2022 12:03:54",446,"yes; groundwater","forecast","no","yes","machine learning, either process-guided or not process-guided (e.g. ANN)",NA,"yes","melofton@vt.edu"
"7/6/2022 12:31:48",447,"yes; groundwater","forecast","yes","yes","numerical ecosystem simulation (e.g. GLM-AED)",NA,"yes","melofton@vt.edu"
"6/28/2022 12:07:39",448,"yes; surface water","forecast","no","yes","machine learning, either process-guided or not process-guided (e.g. ANN)",NA,"yes","melofton@vt.edu"
"6/28/2022 12:09:03",449,"yes; surface water","forecast","yes","yes","numerical ecosystem simulation (e.g. GLM-AED)",NA,"yes","melofton@vt.edu"
"6/28/2022 12:10:45",450,"yes; surface water","forecast","yes","yes","empirical model but not a time series model (e.g. multiple regression)",NA,"yes","melofton@vt.edu"
"6/29/2022 8:24:28",451,"yes; surface water","forecast","yes","yes","machine learning, either process-guided or not process-guided (e.g. ANN)","CHECK this out - interesting way of specifying uncertainty around a deterministic forecast","yes","melofton@vt.edu"
"6/29/2022 8:25:44",452,"yes; surface water","hindcast","yes","yes","process-based but not ecosystem simulation (e.g. age-structured population model)",NA,"no","melofton@vt.edu"
"6/29/2022 8:29:05",453,"yes; surface water","forecast","yes","yes","numerical ecosystem simulation (e.g. GLM-AED)",NA,"yes","melofton@vt.edu"
"6/29/2022 8:33:26",455,"yes; surface water","none of the above",NA,NA,NA,NA,"yes","melofton@vt.edu"
"6/29/2022 8:37:09",456,"yes; surface water","hindcast","yes","yes","numerical ecosystem simulation (e.g. GLM-AED), process-based but not ecosystem simulation (e.g. age-structured population model)",NA,"yes","melofton@vt.edu"
"7/5/2022 7:42:17",457,"yes; surface water","forecast","yes","yes","empirical model but not a time series model (e.g. multiple regression), machine learning, either process-guided or not process-guided (e.g. ANN)",NA,"yes","melofton@vt.edu"
"6/29/2022 8:42:50",458,"yes; surface water","forecast","no","yes","machine learning, either process-guided or not process-guided (e.g. ANN)",NA,"yes","melofton@vt.edu"
"6/29/2022 8:43:47",459,"yes; surface water","forecast","yes","yes","machine learning, either process-guided or not process-guided (e.g. ANN)",NA,"yes","melofton@vt.edu"
"6/29/2022 8:52:02",460,"yes; surface water","forecast","no","yes","numerical ecosystem simulation (e.g. GLM-AED)",NA,"yes","melofton@vt.edu"
"4/7/2022 13:59",461,"yes; surface water","forecast","no","yes","machine learning, either process-guided or not process-guided (e.g. ANN)",NA,"yes","melofton@vt.edu"
"7/5/2022 7:49:24",463,"yes; surface water","forecast","yes","yes","numerical ecosystem simulation (e.g. GLM-AED), empirical model but not a time series model (e.g. multiple regression)",NA,"yes","melofton@vt.edu"
"6/29/2022 9:04:55",464,"yes; surface water","none of the above",NA,NA,NA,NA,"yes","melofton@vt.edu"
"6/29/2022 9:12:25",465,"yes; surface water","none of the above",NA,NA,NA,NA,"yes","melofton@vt.edu"
"6/29/2022 9:20:26",467,"yes; surface water","forecast","yes","yes","empirical model but not a time series model (e.g. multiple regression), machine learning, either process-guided or not process-guided (e.g. ANN)",NA,"yes","melofton@vt.edu"
"4/11/2022 13:14",468,"yes; groundwater","forecast","no","yes","empirical model but not a time series model (e.g. multiple regression)",NA,"no","melofton@vt.edu"
"6/29/2022 9:29:21",469,"yes; surface water","forecast","no","yes","numerical ecosystem simulation (e.g. GLM-AED)",NA,"yes","melofton@vt.edu"
"6/29/2022 9:40:00",470,"yes; surface water","none of the above",NA,NA,NA,NA,"no","melofton@vt.edu"
"6/29/2022 9:41:25",471,"yes; surface water","hindcast","yes","yes","numerical ecosystem simulation (e.g. GLM-AED)",NA,"yes","melofton@vt.edu"
"6/29/2022 9:46:09",472,"yes; surface water","forecast","yes","yes","process-based but not ecosystem simulation (e.g. age-structured population model)",NA,"yes","melofton@vt.edu"
"6/29/2022 9:47:57",473,"yes; surface water","forecast","yes","yes","numerical ecosystem simulation (e.g. GLM-AED)",NA,"yes","melofton@vt.edu"
"6/29/2022 9:52:01",474,"yes; surface water","forecast","yes","yes","numerical ecosystem simulation (e.g. GLM-AED)",NA,"yes","melofton@vt.edu"
"6/29/2022 9:54:47",475,"yes; surface water","none of the above",NA,NA,NA,NA,"yes","melofton@vt.edu"
"6/29/2022 9:57:01",477,"yes; surface water","forecast","yes","yes","process-based but not ecosystem simulation (e.g. age-structured population model)",NA,"yes","melofton@vt.edu"
"6/29/2022 9:58:45",478,"yes; surface water","hindcast","yes","yes","numerical ecosystem simulation (e.g. GLM-AED)",NA,"yes","melofton@vt.edu"
"6/29/2022 10:01:46",479,"yes; surface water","forecast","yes","yes","time series model (e.g. ARIMA)",NA,"yes","melofton@vt.edu"
"6/29/2022 10:02:20",480,"yes; surface water","forecast","yes","yes","numerical ecosystem simulation (e.g. GLM-AED)",NA,"yes","melofton@vt.edu"
"6/29/2022 10:02:55",481,"yes; surface water","none of the above",NA,NA,NA,"review paper on Bayesian flood forecasting","yes","melofton@vt.edu"
"4/12/2022 17:15",482,"yes; surface water","forecast","no","yes","time series model (e.g. ARIMA), machine learning, either process-guided or not process-guided (e.g. ANN)",NA,"yes","melofton@vt.edu"
"6/29/2022 10:48:19",483,"yes; surface water","forecast","no","yes","machine learning, either process-guided or not process-guided (e.g. ANN)",NA,"yes","melofton@vt.edu"
"4/12/2022 17:31",484,"yes; surface water","hindcast","no","yes","other",NA,"yes","melofton@vt.edu"
"6/29/2022 11:05:20",486,"yes; surface water","forecast","yes","yes","numerical ecosystem simulation (e.g. GLM-AED), process-based but not ecosystem simulation (e.g. age-structured population model), empirical model but not a time series model (e.g. multiple regression)",NA,"yes","melofton@vt.edu"
"6/29/2022 11:06:48",487,"yes; surface water","forecast","no","yes","time series model (e.g. ARIMA), empirical model but not a time series model (e.g. multiple regression), machine learning, either process-guided or not process-guided (e.g. ANN)",NA,"yes","melofton@vt.edu"
"6/29/2022 11:11:09",488,"yes; surface water","forecast","no","yes","time series model (e.g. ARIMA), empirical model but not a time series model (e.g. multiple regression)",NA,"yes","melofton@vt.edu"
"6/29/2022 11:14:44",492,"yes; surface water","forecast","yes","yes","numerical ecosystem simulation (e.g. GLM-AED)",NA,"yes","melofton@vt.edu"
"6/29/2022 11:19:37",494,"yes; surface water","forecast","yes","yes","time series model (e.g. ARIMA), empirical model but not a time series model (e.g. multiple regression)",NA,"yes","melofton@vt.edu"
"4/12/2022 17:46",495,"yes; surface water","forecast","no","yes","machine learning, either process-guided or not process-guided (e.g. ANN)",NA,"yes","melofton@vt.edu"
"6/29/2022 11:30:42",496,"yes; surface water","none of the above",NA,NA,NA,NA,"no","melofton@vt.edu"
"6/29/2022 11:33:05",497,"yes; surface water","none of the above",NA,NA,NA,NA,"no","melofton@vt.edu"
"6/29/2022 11:34:56",498,"yes; surface water","forecast","yes","yes","numerical ecosystem simulation (e.g. GLM-AED), process-based but not ecosystem simulation (e.g. age-structured population model)",NA,"yes","melofton@vt.edu"
"6/29/2022 11:44:53",499,"yes; surface water","forecast","no","yes","numerical ecosystem simulation (e.g. GLM-AED)","very cool automated workflow","no","melofton@vt.edu"
"6/29/2022 11:48:32",501,"yes; surface water","none of the above",NA,NA,NA,NA,"no","melofton@vt.edu"
"6/29/2022 11:50:17",503,"yes; surface water","none of the above",NA,NA,NA,NA,"no","melofton@vt.edu"
"6/29/2022 11:52:48",504,"yes; surface water","forecast","no","yes","machine learning, either process-guided or not process-guided (e.g. ANN)",NA,"yes","melofton@vt.edu"
"6/29/2022 11:55:31",505,"yes; surface water","forecast","yes","yes","machine learning, either process-guided or not process-guided (e.g. ANN)",NA,"yes","melofton@vt.edu"
"6/29/2022 12:15:03",508,"yes; surface water","forecast","no","yes","empirical model but not a time series model (e.g. multiple regression), machine learning, either process-guided or not process-guided (e.g. ANN)",NA,"yes","melofton@vt.edu"
"6/29/2022 12:15:57",509,"yes; surface water","hindcast","yes","yes","numerical ecosystem simulation (e.g. GLM-AED)",NA,"yes","melofton@vt.edu"
"6/29/2022 12:19:23",510,"yes; surface water","forecast","yes","yes","empirical model but not a time series model (e.g. multiple regression)",NA,"yes","melofton@vt.edu"
"6/29/2022 12:19:44",511,"yes; surface water","none of the above",NA,NA,NA,NA,"no","melofton@vt.edu"
"6/29/2022 12:20:55",513,"yes; surface water","forecast","no","yes","machine learning, either process-guided or not process-guided (e.g. ANN)",NA,"yes","melofton@vt.edu"
"6/8/2022 9:05:32",514,"yes; surface water","forecast","yes","yes","numerical",NA,"yes","melofton@vt.edu"
"6/8/2022 9:07:38",515,"yes; surface water","forecast","yes","no","empirical",NA,"no","melofton@vt.edu"
"6/8/2022 9:10:14",516,"yes; surface water","forecast","no","yes","numerical ecosystem simulation (e.g. GLM-AED)",NA,"yes","melofton@vt.edu"
"6/8/2022 9:12:23",517,"yes; surface water","forecast","yes","yes","process-based",NA,"yes","melofton@vt.edu"
"6/7/2022 6:55",518,"yes; surface water","forecast","no","yes","process-based but not ecosystem simulation (e.g. age-structured population model)",NA,"yes","melofton@vt.edu"
"6/8/2022 10:01:10",519,"yes; surface water","none of the above",NA,NA,NA,NA,"yes","melofton@vt.edu"
"6/8/2022 10:07:13",521,"yes; surface water","forecast","no","yes","machine learning, either process-guided or not process-guided (e.g. ANN)",NA,"yes","melofton@vt.edu"
"6/8/2022 10:08:25",522,"yes; surface water","none of the above",NA,NA,NA,NA,"yes","melofton@vt.edu"
"6/8/2022 10:09:47",523,"yes; surface water","forecast","no","yes","machine learning, either process-guided or not process-guided (e.g. ANN)",NA,"yes","melofton@vt.edu"
"6/8/2022 10:12:38",524,"yes; surface water","forecast","yes","yes","machine",NA,"yes","melofton@vt.edu"
"6/8/2022 11:06:45",525,"yes; surface water","forecast","yes","yes","process-based",NA,"yes","melofton@vt.edu"
"6/8/2022 11:12:37",527,"yes; groundwater","none of the above",NA,NA,NA,NA,"yes","melofton@vt.edu"
"6/8/2022 11:17:05",529,"yes; surface water","forecast","no","yes","process-based but not ecosystem simulation (e.g. age-structured population model)","very cool using runoff forecasts to provide optimal flow release forecasts","yes","melofton@vt.edu"
"6/8/2022 11:17:50",530,"yes; surface water","forecast","yes","yes","numerical",NA,"yes","melofton@vt.edu"
"6/8/2022 11:19:05",531,"yes; surface water","forecast","yes","yes","machine",NA,"yes","melofton@vt.edu"
"6/8/2022 11:20:06",532,"yes; surface water","forecast","yes","yes","numerical","Looks like a good paper thinking abt forecast visualization","yes","melofton@vt.edu"
"6/8/2022 11:23:03",533,"yes; surface water","forecast","no","yes","machine learning, either process-guided or not process-guided (e.g. ANN)",NA,"yes","melofton@vt.edu"
"6/8/2022 11:23:32",534,"yes; surface water","none of the above",NA,NA,NA,NA,"yes","melofton@vt.edu"
"6/8/2022 11:24:34",535,"yes; surface water","none of the above",NA,NA,NA,NA,"yes","melofton@vt.edu"
"6/8/2022 11:28:30",537,"yes; surface water","forecast","no","yes","machine learning, either process-guided or not process-guided (e.g. ANN)",NA,"no","melofton@vt.edu"
"6/8/2022 11:30:13",538,"yes; surface water","forecast","no","yes","machine learning, either process-guided or not process-guided (e.g. ANN)",NA,"yes","melofton@vt.edu"
"6/8/2022 11:31:59",540,"yes; surface water","none of the above",NA,NA,NA,NA,"no","melofton@vt.edu"
"6/8/2022 11:34:22",542,"yes; surface water","forecast","no","yes","machine learning, either process-guided or not process-guided (e.g. ANN)",NA,"yes","melofton@vt.edu"
"6/8/2022 11:41:08",544,"yes; surface water","forecast","yes","yes","empirical",NA,"yes","melofton@vt.edu"
"6/8/2022 11:41:45",545,"yes; surface water","none of the above",NA,NA,NA,NA,"yes","melofton@vt.edu"
"6/8/2022 11:50:47",546,"yes; surface water","forecast","no","yes","machine learning, either process-guided or not process-guided (e.g. ANN)",NA,"no","melofton@vt.edu"
"6/8/2022 11:52:47",547,"yes; surface water","none of the above",NA,NA,NA,NA,"yes","melofton@vt.edu"
"6/8/2022 11:55:33",548,"yes; surface water","forecast","yes","yes","ARIMA, machine",NA,"yes","melofton@vt.edu"
"2/21/2022 11:08",549,"yes; surface water","hindcast","no","yes","process-based but not ecosystem simulation (e.g. age-structured population model)",NA,"yes","melofton@vt.edu"
"2/24/2022 12:53",550,"yes; surface water","forecast","no","yes","machine learning, either process-guided or not process-guided (e.g. ANN)",NA,"yes","melofton@vt.edu"
"2/24/2022 12:57",551,"yes; surface water","forecast","yes","yes","process-based",NA,"yes","melofton@vt.edu"
"2/24/2022 16:45",553,"yes; surface water","hindcast","no","yes","machine learning, either process-guided or not process-guided (e.g. ANN)",NA,"yes","melofton@vt.edu"
"7/5/2022 8:36:01",554,"yes; surface water","forecast","no","yes","machine learning, either process-guided or not process-guided (e.g. ANN)",NA,"yes","melofton@vt.edu"
"2/24/2022 16:53",555,"yes; surface water","hindcast","no","yes","process-based but not ecosystem simulation (e.g. age-structured population model); machine learning, either process-guided or not process-guided (e.g. ANN)",NA,"yes","melofton@vt.edu"
"2/24/2022 16:55",556,"yes; surface water","hindcast","no","yes","machine learning, either process-guided or not process-guided (e.g. ANN)",NA,"yes","melofton@vt.edu"
"2/24/2022 16:57",557,"yes; surface water","hindcast","no","yes","machine learning, either process-guided or not process-guided (e.g. ANN)",NA,"yes","melofton@vt.edu"
"7/5/2022 7:53:38",558,"yes; surface water","forecast","no","yes","machine learning, either process-guided or not process-guided (e.g. ANN)",NA,"yes","melofton@vt.edu"
"3/1/2022 10:21",559,"yes; surface water","hindcast","no","yes","numerical ecosystem simulation (e.g. GLM-AED)",NA,"yes","melofton@vt.edu"
"3/1/2022 10:49",563,"yes; surface water","hindcast","no","yes","process-based but not ecosystem simulation (e.g. age-structured population model)",NA,"yes","melofton@vt.edu"
"3/1/2022 10:49",563,"yes; surface water","hindcast","no","yes","process-based but not ecosystem simulation (e.g. age-structured population model)",NA,"yes","melofton@vt.edu"
"6/8/2022 12:27:52",564,"yes; surface water","forecast","no","yes","process-based but not ecosystem simulation (e.g. age-structured population model), empirical model but not a time series model (e.g. multiple regression), machine learning, either process-guided or not process-guided (e.g. ANN)",NA,"yes","melofton@vt.edu"
"6/8/2022 12:29:42",566,"yes; surface water","forecast","yes","yes","machine","UC as model selection uncertainty- see Fig 10","yes","melofton@vt.edu"
"6/8/2022 12:30:32",567,"yes; surface water","forecast","yes","yes","machine",NA,"yes","melofton@vt.edu"
"6/8/2022 12:33:50",569,"yes; surface water","forecast","no","yes","empirical model but not a time series model (e.g. multiple regression)",NA,"yes","melofton@vt.edu"
"6/8/2022 12:35:26",570,"yes; surface water","forecast","no","yes","time series model (e.g. ARIMA)",NA,"no","melofton@vt.edu"
"6/8/2022 12:37:21",571,"yes; surface water","forecast","no","yes","numerical ecosystem simulation (e.g. GLM-AED), process-based but not ecosystem simulation (e.g. age-structured population model)",NA,"yes","melofton@vt.edu"
"6/8/2022 12:38:37",572,"yes; surface water","forecast","yes","yes","process-based",NA,"yes","melofton@vt.edu"
"6/8/2022 13:25:34",574,"yes; surface water","forecast","no","yes","machine learning, either process-guided or not process-guided (e.g. ANN)",NA,"yes","melofton@vt.edu"
"6/8/2022 13:30:07",576,"yes; groundwater","none of the above",NA,NA,NA,NA,"no","melofton@vt.edu"
"6/8/2022 13:30:52",577,"yes; surface water","none of the above",NA,NA,NA,NA,"yes","melofton@vt.edu"
"6/8/2022 13:34:37",578,"yes; surface water","forecast","no","yes","time series model (e.g. ARIMA), machine learning, either process-guided or not process-guided (e.g. ANN)",NA,"yes","melofton@vt.edu"
"6/8/2022 13:38:30",582,"yes; surface water","forecast","no","yes","numerical ecosystem simulation (e.g. GLM-AED)",NA,"yes","melofton@vt.edu"
"6/8/2022 13:39:02",583,"no",NA,NA,NA,NA,NA,NA,"melofton@vt.edu"
"6/8/2022 13:40:21",584,"yes; surface water","forecast","no","yes","machine learning, either process-guided or not process-guided (e.g. ANN)",NA,"yes","melofton@vt.edu"
"6/8/2022 13:43:46",585,"yes; surface water","forecast","no","yes","numerical ecosystem simulation (e.g. GLM-AED), process-based but not ecosystem simulation (e.g. age-structured population model)",NA,"yes","melofton@vt.edu"
"6/8/2022 13:46:29",587,"yes; surface water","forecast","yes","yes","empirical",NA,"yes","melofton@vt.edu"
"6/8/2022 13:47:23",588,"yes; surface water","hindcast","yes","yes","process-based",NA,"yes","melofton@vt.edu"
"6/8/2022 13:49:47",589,"yes; surface water","forecast","yes","yes","machine",NA,"yes","melofton@vt.edu"
"6/8/2022 13:52:43",590,"yes; surface water","forecast","no","yes","empirical model but not a time series model (e.g. multiple regression)",NA,"yes","melofton@vt.edu"
"6/8/2022 13:54:27",591,"yes; surface water","forecast","can't tell","yes","empirical","paper not in English","yes","melofton@vt.edu"
"6/8/2022 13:56:19",592,"yes; surface water","forecast","no","yes","machine learning, either process-guided or not process-guided (e.g. ANN)",NA,"yes","melofton@vt.edu"
"6/8/2022 13:57:20",593,"yes; surface water","forecast","yes","yes","process-based",NA,"yes","melofton@vt.edu"
"6/9/2022 7:44:20",594,"yes; surface water","forecast","no","yes","machine learning, either process-guided or not process-guided (e.g. ANN)",NA,"yes","melofton@vt.edu"
"6/9/2022 7:47:43",596,"yes; surface water","forecast","no","yes","machine learning, either process-guided or not process-guided (e.g. ANN)",NA,"yes","melofton@vt.edu"
"6/9/2022 7:48:44",597,"yes; surface water","forecast","no","yes","machine learning, either process-guided or not process-guided (e.g. ANN)",NA,"yes","melofton@vt.edu"
"6/9/2022 7:53:20",601,"yes; surface water","forecast","no","yes","empirical model but not a time series model (e.g. multiple regression)",NA,"yes","melofton@vt.edu"
"6/9/2022 7:54:35",602,"yes; surface water","hindcast","yes","yes","empirical, machine",NA,"yes","melofton@vt.edu"
"6/9/2022 7:57:18",604,"yes; surface water","forecast","no","yes","machine learning, either process-guided or not process-guided (e.g. ANN)",NA,"yes","melofton@vt.edu"
"6/9/2022 7:58:14",605,"yes; surface water","none of the above",NA,NA,NA,NA,"no","melofton@vt.edu"
"6/9/2022 8:00:15",606,"yes; surface water","forecast","yes","yes","empirical",NA,"yes","melofton@vt.edu"
"6/9/2022 8:01:01",607,"yes; surface water","none of the above",NA,NA,NA,NA,"yes","melofton@vt.edu"
"6/9/2022 8:01:49",608,"yes; surface water","forecast","yes","yes","numerical",NA,"yes","melofton@vt.edu"
"6/9/2022 8:02:34",609,"yes; surface water","forecast","yes","yes","empirical",NA,"yes","melofton@vt.edu"
"6/9/2022 8:04:55",610,"yes; surface water","forecast","no","yes","machine learning, either process-guided or not process-guided (e.g. ANN)",NA,"yes","melofton@vt.edu"
"6/9/2022 8:07:13",611,"yes; surface water","none of the above",NA,NA,NA,NA,"no","melofton@vt.edu"
"6/9/2022 8:09:24",612,"yes; surface water","forecast","no","yes","machine learning, either process-guided or not process-guided (e.g. ANN)",NA,"yes","melofton@vt.edu"
"6/9/2022 8:12:55",613,"yes; surface water","forecast","yes","yes","numerical","cool data assimilation of social media data into flood models","yes","melofton@vt.edu"
"6/9/2022 8:13:42",614,"yes; surface water","none of the above",NA,NA,NA,"cool social science study looking at how reservoir operators respond to uncertainty in snowmelt runoff forecasts","yes","melofton@vt.edu"
"6/9/2022 8:15:08",615,"yes; surface water","hindcast","yes","yes","numerical",NA,"yes","melofton@vt.edu"
"6/9/2022 8:16:43",616,"yes; surface water","forecast","no","yes","machine learning, either process-guided or not process-guided (e.g. ANN)",NA,"yes","melofton@vt.edu"
"6/9/2022 8:17:41",617,"yes; surface water","forecast","yes","yes","empirical, machine",NA,"yes","melofton@vt.edu"
"6/9/2022 8:19:36",618,"yes; surface water","forecast","yes","yes","machine",NA,"yes","melofton@vt.edu"
"6/9/2022 8:20:14",619,"yes; surface water","forecast","yes","yes","empirical, process-based",NA,"yes","melofton@vt.edu"
"6/9/2022 8:20:43",620,"yes; surface water","none of the above",NA,NA,NA,"Rousso et al review","no","melofton@vt.edu"
"6/9/2022 8:22:10",621,"yes; surface water","forecast","no","yes","time series model (e.g. ARIMA)",NA,"yes","melofton@vt.edu"
"6/9/2022 8:23:33",624,"yes; surface water","none of the above",NA,NA,NA,NA,"no","melofton@vt.edu"
"6/9/2022 8:25:43",625,"yes; surface water","forecast","no","yes","machine learning, either process-guided or not process-guided (e.g. ANN)",NA,"yes","melofton@vt.edu"
"6/9/2022 8:27:41",627,"yes; surface water","forecast","yes","yes","numerical",NA,"yes","melofton@vt.edu"
"6/9/2022 8:29:14",628,"yes; surface water","forecast","no","yes","machine learning, either process-guided or not process-guided (e.g. ANN)",NA,"yes","melofton@vt.edu"
"7/5/2022 17:30:54",629,"yes; groundwater","forecast","no","yes","machine learning, either process-guided or not process-guided (e.g. ANN)",NA,"yes","melofton@vt.edu"
"6/9/2022 8:33:11",630,"yes; surface water","none of the above",NA,NA,NA,NA,"no","melofton@vt.edu"
"6/9/2022 8:34:40",631,"yes; surface water","forecast","no","yes","machine learning, either process-guided or not process-guided (e.g. ANN)",NA,"yes","melofton@vt.edu"
"6/9/2022 8:37:20",633,"yes; surface water","forecast","yes","yes","machine",NA,"yes","melofton@vt.edu"
"6/9/2022 8:38:48",634,"yes; surface water","hindcast","yes","yes","empirical",NA,"yes","melofton@vt.edu"
"6/9/2022 8:39:49",635,"yes; surface water","forecast","yes","yes","numerical",NA,"yes","melofton@vt.edu"
"6/9/2022 8:40:28",636,"yes; surface water","forecast","yes","yes","numerical",NA,"yes","melofton@vt.edu"
"6/9/2022 11:18:57",637,"yes; surface water","forecast","yes","yes","machine",NA,"no","melofton@vt.edu"
"6/9/2022 11:20:11",639,"yes; surface water","forecast","yes","yes","machine",NA,"yes","melofton@vt.edu"
"6/9/2022 11:24:34",640,"yes; surface water","forecast","no","yes","empirical model but not a time series model (e.g. multiple regression)",NA,"yes","melofton@vt.edu"
"6/9/2022 11:25:09",641,"yes; surface water","none of the above",NA,NA,NA,NA,"yes","melofton@vt.edu"
"6/9/2022 11:26:40",643,"yes; surface water","forecast","no","yes","machine learning, either process-guided or not process-guided (e.g. ANN)",NA,"yes","melofton@vt.edu"
"6/9/2022 11:28:49",645,"yes; surface water","forecast","yes","yes","numerical",NA,"yes","melofton@vt.edu"
"6/9/2022 11:29:30",646,"yes; surface water","forecast","yes","yes","empirical, machine",NA,"yes","melofton@vt.edu"
"6/9/2022 11:30:17",647,"yes; surface water","forecast","yes","yes","numerical",NA,"yes","melofton@vt.edu"
"6/9/2022 11:31:43",648,"yes; groundwater","forecast","no","yes","machine learning, either process-guided or not process-guided (e.g. ANN)",NA,"yes","melofton@vt.edu"
"6/9/2022 11:36:45",649,"yes; surface water","forecast","no","yes","time series model (e.g. ARIMA), machine learning, either process-guided or not process-guided (e.g. ANN)",NA,"no","melofton@vt.edu"
"6/9/2022 11:42:35",650,"yes; surface water","forecast","no","yes","machine learning, either process-guided or not process-guided (e.g. ANN)",NA,"yes","melofton@vt.edu"
"6/9/2022 11:43:18",651,"yes; surface water","forecast","yes","yes","empirical",NA,"yes","melofton@vt.edu"
"6/9/2022 11:46:34",652,"yes; surface water","none of the above",NA,NA,NA,NA,"yes","melofton@vt.edu"
"6/9/2022 11:47:35",653,"yes; surface water","hindcast","yes","yes","numerical",NA,"yes","melofton@vt.edu"
"6/9/2022 11:48:45",654,"yes; surface water","none of the above",NA,NA,NA,"symposium report on ice jam flood forecasting","yes","melofton@vt.edu"
"6/17/2022 8:26:00",655,"yes; surface water","forecast","no","yes","machine learning, either process-guided or not process-guided (e.g. ANN)",NA,"yes","melofton@vt.edu"
"6/9/2022 11:52:31",656,"yes; surface water","forecast","no","yes","numerical ecosystem simulation (e.g. GLM-AED), process-based but not ecosystem simulation (e.g. age-structured population model)",NA,"yes","melofton@vt.edu"
"6/9/2022 11:56:06",657,"yes; surface water","forecast","no","yes","machine learning, either process-guided or not process-guided (e.g. ANN)",NA,"yes","melofton@vt.edu"
"6/17/2022 8:27:38",658,"yes; surface water","forecast","no","yes","machine learning, either process-guided or not process-guided (e.g. ANN)",NA,"yes","melofton@vt.edu"
"6/9/2022 11:58:10",659,"no",NA,NA,NA,NA,NA,NA,"melofton@vt.edu"
"6/9/2022 11:58:51",660,"yes; surface water","none of the above",NA,NA,NA,NA,"no","melofton@vt.edu"
"6/9/2022 12:04:37",666,"yes; surface water","none of the above",NA,NA,NA,NA,"yes","melofton@vt.edu"
"6/9/2022 12:06",668,"yes; surface water","forecast","no","yes","machine",NA,"no","melofton@vt.edu"
"6/9/2022 12:07",669,"yes; surface water","forecast","no","yes","empirical model but not a time series model (e.g. multiple regression)",NA,"yes","melofton@vt.edu"
"6/9/2022 12:10:54",671,"yes; surface water","forecast","yes","yes","empirical",NA,"yes","melofton@vt.edu"
"6/9/2022 12:12:17",672,"yes; surface water","forecast","no","yes","machine learning, either process-guided or not process-guided (e.g. ANN)",NA,"yes","melofton@vt.edu"
"6/9/2022 12:12:56",673,"yes; surface water","forecast","yes","yes","process-based",NA,"yes","melofton@vt.edu"
"6/9/2022 12:15:40",677,"yes; surface water","forecast","yes","yes","machine",NA,"yes","melofton@vt.edu"
"6/17/2022 8:37:04",679,"yes; surface water","forecast","yes","yes","numerical",NA,"yes","melofton@vt.edu"
"6/9/2022 12:18:06",680,"yes; surface water","forecast","no","yes","machine learning, either process-guided or not process-guided (e.g. ANN)",NA,"yes","melofton@vt.edu"
"6/9/2022 12:20:23",681,"yes; surface water","none of the above",NA,NA,NA,NA,"yes","melofton@vt.edu"
"6/9/2022 12:21:32",682,"yes; surface water","forecast","no","yes","machine learning, either process-guided or not process-guided (e.g. ANN)",NA,"yes","melofton@vt.edu"
"6/9/2022 12:22:01",683,"yes; surface water","none of the above",NA,NA,NA,NA,"yes","melofton@vt.edu"
"6/9/2022 12:33:46",684,"yes; surface water","forecast","yes","yes","numerical",NA,"yes","melofton@vt.edu"
"6/9/2022 12:35:55",685,"yes; surface water","forecast","yes","yes","process-based",NA,"yes","melofton@vt.edu"
"6/9/2022 12:36:36",686,"yes; surface water","forecast","yes","yes","machine",NA,"yes","melofton@vt.edu"
"6/9/2022 12:37:48",687,"yes; surface water","forecast","no","yes","machine learning, either process-guided or not process-guided (e.g. ANN)",NA,"yes","melofton@vt.edu"
"6/9/2022 12:39:20",688,"yes; surface water","forecast","no","yes","machine learning, either process-guided or not process-guided (e.g. ANN)",NA,"yes","melofton@vt.edu"
"6/9/2022 12:39:40",689,"no",NA,NA,NA,NA,NA,NA,"melofton@vt.edu"
"6/9/2022 12:42:03",691,"yes; surface water","forecast","no","yes","time series model (e.g. ARIMA), machine learning, either process-guided or not process-guided (e.g. ANN)",NA,"yes","melofton@vt.edu"
"6/9/2022 12:42:39",692,"yes; surface water","none of the above",NA,NA,NA,NA,"yes","melofton@vt.edu"
"6/9/2022 12:44:15",693,"yes; surface water","hindcast","no","yes","time series model (e.g. ARIMA)",NA,"yes","melofton@vt.edu"
"6/9/2022 12:46:06",695,"yes; surface water","forecast","yes","yes","machine",NA,"yes","melofton@vt.edu"
"6/9/2022 12:47:34",696,"yes; surface water","forecast","no","yes","machine learning, either process-guided or not process-guided (e.g. ANN)",NA,"yes","melofton@vt.edu"
"6/9/2022 12:49:31",698,"yes; surface water","none of the above",NA,NA,NA,NA,"yes","melofton@vt.edu"
"6/9/2022 12:50:42",700,"yes; surface water","forecast","yes","yes","empirical, machine",NA,"yes","melofton@vt.edu"
"6/9/2022 12:51:57",702,"yes; surface water","forecast","no","yes","machine learning, either process-guided or not process-guided (e.g. ANN)",NA,"yes","melofton@vt.edu"
"6/9/2022 12:53:59",705,"yes; surface water","forecast","yes","yes","empirical, process-based",NA,"yes","melofton@vt.edu"
"6/17/2022 8:38:54",706,"yes; surface water","forecast","no","yes","machine learning, either process-guided or not process-guided (e.g. ANN)",NA,"yes","melofton@vt.edu"
"6/9/2022 12:56:50",707,"yes; surface water","forecast","no","yes","machine learning, either process-guided or not process-guided (e.g. ANN)",NA,"yes","melofton@vt.edu"
"6/9/2022 12:58:06",709,"yes; surface water","forecast","no","yes","machine learning, either process-guided or not process-guided (e.g. ANN)",NA,"yes","melofton@vt.edu"
"6/9/2022 12:58:33",710,"yes; surface water","forecast","yes","yes","numerical",NA,"yes","melofton@vt.edu"
"6/9/2022 12:59:20",711,"yes; surface water","none of the above",NA,NA,NA,NA,"no","melofton@vt.edu"
"6/9/2022 12:59:32",712,"no",NA,NA,NA,NA,NA,NA,"melofton@vt.edu"
"6/9/2022 13:01:32",713,"yes; groundwater","none of the above",NA,NA,NA,NA,"yes","melofton@vt.edu"
"7/4/2022 7:21:24",714,"yes; groundwater","none of the above",NA,NA,NA,NA,"yes","melofton@vt.edu"
"7/4/2022 7:25:12",715,"yes; surface water","hindcast","yes","yes","process-based but not ecosystem simulation (e.g. age-structured population model)",NA,"yes","melofton@vt.edu"
"7/4/2022 7:28:11",716,"yes; surface water","hindcast","yes","yes","numerical ecosystem simulation (e.g. GLM-AED), process-based but not ecosystem simulation (e.g. age-structured population model)",NA,"yes","melofton@vt.edu"
"7/4/2022 7:29:33",717,"yes; surface water","hindcast","yes","yes","numerical ecosystem simulation (e.g. GLM-AED)",NA,"yes","melofton@vt.edu"
"7/4/2022 7:30:52",718,"yes; surface water","forecast","yes","no","numerical ecosystem simulation (e.g. GLM-AED)",NA,"yes","melofton@vt.edu"
"7/4/2022 7:32:19",719,"yes; surface water","forecast","yes","yes","numerical ecosystem simulation (e.g. GLM-AED)",NA,"yes","melofton@vt.edu"
"7/4/2022 7:33:34",720,"yes; surface water","forecast","no","no","numerical ecosystem simulation (e.g. GLM-AED)",NA,"yes","melofton@vt.edu"
"7/4/2022 7:37:44",721,"yes; surface water","forecast","no","yes","numerical ecosystem simulation (e.g. GLM-AED)",NA,"yes","melofton@vt.edu"
"7/4/2022 7:39:52",722,"yes; surface water","forecast","no","yes","machine learning, either process-guided or not process-guided (e.g. ANN)",NA,"yes","melofton@vt.edu"
"7/4/2022 7:43:00",723,"yes; surface water","forecast","no","yes","numerical ecosystem simulation (e.g. GLM-AED)",NA,"yes","melofton@vt.edu"
"7/4/2022 7:45:39",724,"yes; surface water","hindcast","yes","yes","machine learning, either process-guided or not process-guided (e.g. ANN)",NA,"yes","melofton@vt.edu"
"7/4/2022 7:48:28",725,"yes; surface water","forecast","yes","yes","process-based but not ecosystem simulation (e.g. age-structured population model)",NA,"yes","melofton@vt.edu"
"7/4/2022 7:49:12",726,"yes; surface water","none of the above",NA,NA,NA,"review on drought forecasting","yes","melofton@vt.edu"
"7/4/2022 7:50:57",727,"yes; surface water","forecast","no","yes","machine learning, either process-guided or not process-guided (e.g. ANN)",NA,"yes","melofton@vt.edu"
"7/4/2022 7:51:39",728,"no",NA,NA,NA,NA,NA,NA,"melofton@vt.edu"
"7/4/2022 7:53:23",729,"yes; surface water","none of the above",NA,NA,NA,"VERY COOL looking at how indigenous people forecast floods using TEK (but doesn't actually present a forecast best I can tell)","yes","melofton@vt.edu"
"7/4/2022 7:54:31",730,"no",NA,NA,NA,NA,NA,NA,"melofton@vt.edu"
"7/5/2022 8:13:39",731,"yes; surface water","none of the above",NA,NA,NA,NA,"no","melofton@vt.edu"
"7/4/2022 7:56:30",732,"yes; surface water","none of the above",NA,NA,NA,NA,"yes","melofton@vt.edu"
"7/4/2022 7:57:22",733,"yes; surface water","none of the above",NA,NA,NA,"review of how to incorporate uncertainty into ANN models for hydrological forecasting","yes","melofton@vt.edu"
"7/4/2022 7:58:41",734,"yes; surface water","forecast","no","yes","machine learning, either process-guided or not process-guided (e.g. ANN)",NA,"no","melofton@vt.edu"
"7/4/2022 8:00:13",735,"yes; surface water","forecast","no","yes","time series model (e.g. ARIMA), machine learning, either process-guided or not process-guided (e.g. ANN)",NA,"yes","melofton@vt.edu"
"7/4/2022 8:02:10",736,"yes; groundwater","forecast","no","yes","numerical ecosystem simulation (e.g. GLM-AED)",NA,"yes","melofton@vt.edu"
"7/4/2022 8:03:32",737,"yes; surface water","forecast","no","yes","machine learning, either process-guided or not process-guided (e.g. ANN)",NA,"no","melofton@vt.edu"
"7/4/2022 8:04:45",738,"yes; surface water","forecast","no","yes","machine learning, either process-guided or not process-guided (e.g. ANN)",NA,"yes","melofton@vt.edu"
"7/4/2022 8:06:28",739,"yes; surface water","forecast","no","yes","machine learning, either process-guided or not process-guided (e.g. ANN)",NA,"yes","melofton@vt.edu"
"7/5/2022 8:26:37",740,"yes; surface water","forecast","no","yes","machine learning, either process-guided or not process-guided (e.g. ANN)",NA,"yes","melofton@vt.edu"
"7/4/2022 8:09:38",741,"yes; surface water","none of the above",NA,NA,NA,NA,"no","melofton@vt.edu"
"7/4/2022 8:11:52",742,"yes; surface water","none of the above",NA,NA,NA,NA,"no","melofton@vt.edu"
"7/4/2022 8:12:59",743,"yes; surface water","hindcast","yes","yes","machine learning, either process-guided or not process-guided (e.g. ANN)",NA,"yes","melofton@vt.edu"
"7/4/2022 8:23:41",744,"yes; groundwater","forecast","yes","yes","machine learning, either process-guided or not process-guided (e.g. ANN)",NA,"yes","melofton@vt.edu"
"7/4/2022 8:27:38",745,"yes; surface water","hindcast","no","yes","empirical model but not a time series model (e.g. multiple regression)",NA,"yes","melofton@vt.edu"
"7/4/2022 8:28:25",746,"no",NA,NA,NA,NA,NA,NA,"melofton@vt.edu"
"7/4/2022 8:29:01",747,"no",NA,NA,NA,NA,NA,NA,"melofton@vt.edu"
"7/4/2022 8:31:01",748,"yes; surface water","forecast","no","yes","time series model (e.g. ARIMA), empirical model but not a time series model (e.g. multiple regression)",NA,"yes","melofton@vt.edu"
"7/4/2022 8:31:58",749,"no",NA,NA,NA,NA,NA,NA,"melofton@vt.edu"
"7/4/2022 8:35:12",750,"yes; surface water","hindcast","yes","yes","process-based but not ecosystem simulation (e.g. age-structured population model)",NA,"yes","melofton@vt.edu"
"7/4/2022 8:36:49",751,"yes; surface water","forecast","yes","yes","machine learning, either process-guided or not process-guided (e.g. ANN)",NA,"yes","melofton@vt.edu"
"7/4/2022 8:38:08",752,"yes; surface water","forecast","no","yes","time series model (e.g. ARIMA), empirical model but not a time series model (e.g. multiple regression)",NA,"yes","melofton@vt.edu"
"7/4/2022 8:40:37",753,"no",NA,NA,NA,NA,NA,NA,"melofton@vt.edu"
"7/4/2022 8:41:36",754,"no",NA,NA,NA,NA,NA,NA,"melofton@vt.edu"
"7/4/2022 8:43:38",755,"yes; surface water","hindcast","no","yes","machine learning, either process-guided or not process-guided (e.g. ANN)",NA,"yes","melofton@vt.edu"
"7/4/2022 8:45:44",756,"yes; surface water","none of the above",NA,NA,NA,NA,"yes","melofton@vt.edu"
"7/4/2022 8:47:05",757,"yes; surface water","forecast","no","yes","empirical model but not a time series model (e.g. multiple regression), machine learning, either process-guided or not process-guided (e.g. ANN)",NA,"yes","melofton@vt.edu"
"7/4/2022 8:48:03",758,"yes; surface water","forecast","no","yes","machine learning, either process-guided or not process-guided (e.g. ANN)",NA,"yes","melofton@vt.edu"
"7/4/2022 8:48:51",759,"yes; surface water","forecast","yes","yes","machine learning, either process-guided or not process-guided (e.g. ANN)",NA,"yes","melofton@vt.edu"
"7/4/2022 8:52:04",760,"yes; surface water","forecast","no","yes","empirical model but not a time series model (e.g. multiple regression), machine learning, either process-guided or not process-guided (e.g. ANN)",NA,"yes","melofton@vt.edu"
"7/4/2022 9:00:05",761,"yes; surface water","forecast","no","yes","empirical model but not a time series model (e.g. multiple regression), machine learning, either process-guided or not process-guided (e.g. ANN)",NA,"no","melofton@vt.edu"
"7/4/2022 9:00:48",762,"no",NA,NA,NA,NA,NA,NA,"melofton@vt.edu"
"7/4/2022 9:03:54",763,"yes; surface water","forecast","yes","yes","numerical ecosystem simulation (e.g. GLM-AED)",NA,"yes","melofton@vt.edu"
"7/4/2022 9:06:06",764,"yes; surface water","none of the above",NA,NA,NA,NA,"yes","melofton@vt.edu"
"7/4/2022 9:07:51",765,"yes; surface water","hindcast","yes","yes","process-based but not ecosystem simulation (e.g. age-structured population model)",NA,"yes","melofton@vt.edu"
"7/4/2022 9:08:30",766,"yes; surface water","none of the above",NA,NA,NA,NA,"no","melofton@vt.edu"
"7/4/2022 9:09:38",767,"yes; surface water","forecast","no","yes","machine learning, either process-guided or not process-guided (e.g. ANN)",NA,"yes","melofton@vt.edu"
"7/4/2022 9:11:45",768,"yes; surface water","forecast","no","yes","empirical model but not a time series model (e.g. multiple regression), machine learning, either process-guided or not process-guided (e.g. ANN)",NA,"yes","melofton@vt.edu"
"7/4/2022 9:14:28",769,"yes; surface water","forecast","no","yes","empirical model but not a time series model (e.g. multiple regression)",NA,"yes","melofton@vt.edu"
"7/4/2022 9:15:25",770,"yes; surface water","none of the above",NA,NA,NA,NA,"yes","melofton@vt.edu"
"7/4/2022 9:16:13",771,"yes; surface water","none of the above",NA,NA,NA,NA,"yes","melofton@vt.edu"
"7/4/2022 9:18:04",772,"yes; surface water","hindcast","no","yes","numerical ecosystem simulation (e.g. GLM-AED)",NA,"yes","melofton@vt.edu"
"7/4/2022 9:20:00",773,"yes; surface water","none of the above",NA,NA,NA,NA,"no","melofton@vt.edu"
"7/4/2022 9:52:46",774,"yes; surface water","forecast","no","yes","machine learning, either process-guided or not process-guided (e.g. ANN)",NA,"yes","melofton@vt.edu"
"7/4/2022 9:55:43",775,"yes; surface water","none of the above",NA,NA,NA,NA,"yes","melofton@vt.edu"
"7/4/2022 9:59:37",776,"yes; surface water","forecast","no","yes","time series model (e.g. ARIMA), machine learning, either process-guided or not process-guided (e.g. ANN)",NA,"yes","melofton@vt.edu"
"7/4/2022 10:00:43",777,"yes; surface water","forecast","yes","yes","empirical model but not a time series model (e.g. multiple regression), machine learning, either process-guided or not process-guided (e.g. ANN)",NA,"yes","melofton@vt.edu"
"7/4/2022 10:02:33",778,"yes; surface water","hindcast","yes","yes","numerical ecosystem simulation (e.g. GLM-AED)",NA,"yes","melofton@vt.edu"
"7/4/2022 10:04:30",779,"yes; surface water","none of the above",NA,NA,NA,"CHECK OUT this paper talks about incorrect specification of wavelet models for hydrology and proposes forecasting best practices","yes","melofton@vt.edu"
"7/4/2022 10:06:11",780,"yes; surface water","hindcast","no","yes","process-based but not ecosystem simulation (e.g. age-structured population model)",NA,"yes","melofton@vt.edu"
"7/4/2022 10:07:25",781,"yes; surface water","none of the above",NA,NA,NA,"opinion piece on maintaining forecast skill and consistency when scaling up forecasts","yes","melofton@vt.edu"
"7/4/2022 10:10:29",782,"yes; surface water","forecast","no","yes","machine learning, either process-guided or not process-guided (e.g. ANN)",NA,"yes","melofton@vt.edu"
"7/4/2022 10:12:37",783,"no",NA,NA,NA,NA,NA,NA,"melofton@vt.edu"
"7/4/2022 10:13:19",784,"no",NA,NA,NA,NA,NA,NA,"melofton@vt.edu"
"7/4/2022 10:14:06",785,"yes; surface water","forecast","yes","yes","process-based but not ecosystem simulation (e.g. age-structured population model)",NA,"yes","melofton@vt.edu"
"7/4/2022 10:18:06",786,"yes; surface water","none of the above",NA,NA,NA,NA,"yes","melofton@vt.edu"
"7/4/2022 10:19:13",787,"yes; surface water","none of the above",NA,NA,NA,NA,"no","melofton@vt.edu"
"7/4/2022 10:22:07",788,"yes; surface water","forecast","yes","yes","time series model (e.g. ARIMA)",NA,"yes","melofton@vt.edu"
"7/4/2022 10:23:16",789,"yes; surface water","none of the above",NA,NA,NA,NA,"yes","melofton@vt.edu"
"7/4/2022 10:24:56",790,"yes; surface water","forecast","yes","yes","process-based but not ecosystem simulation (e.g. age-structured population model), empirical model but not a time series model (e.g. multiple regression)",NA,"yes","melofton@vt.edu"
"7/4/2022 10:28:25",791,"yes; surface water","forecast","no","yes","machine learning, either process-guided or not process-guided (e.g. ANN)",NA,"yes","melofton@vt.edu"
"7/4/2022 10:29:01",792,"yes; surface water","none of the above",NA,NA,NA,NA,"yes","melofton@vt.edu"
"7/4/2022 10:33:55",793,"yes; groundwater","none of the above",NA,NA,NA,NA,"no","melofton@vt.edu"
"7/4/2022 10:34:46",794,"no",NA,NA,NA,NA,NA,NA,"melofton@vt.edu"
"7/4/2022 10:36:27",795,"yes; surface water","hindcast","yes","yes","numerical ecosystem simulation (e.g. GLM-AED)",NA,"yes","melofton@vt.edu"
"7/4/2022 10:38:16",796,"yes; surface water","forecast","no","yes","machine learning, either process-guided or not process-guided (e.g. ANN)",NA,"yes","melofton@vt.edu"
"7/4/2022 10:41:23",797,"yes; surface water","forecast","yes","yes","numerical ecosystem simulation (e.g. GLM-AED)",NA,"no","melofton@vt.edu"
"7/4/2022 10:43:49",798,"yes; surface water","nowcast","no","yes","empirical model but not a time series model (e.g. multiple regression)",NA,"no","melofton@vt.edu"
"7/4/2022 10:46:59",799,"yes; surface water","forecast","no","yes","time series model (e.g. ARIMA), machine learning, either process-guided or not process-guided (e.g. ANN)",NA,"yes","melofton@vt.edu"
"7/4/2022 10:47:17",800,"no",NA,NA,NA,NA,NA,NA,"melofton@vt.edu"
"7/4/2022 10:47:35",801,"no",NA,NA,NA,NA,NA,NA,"melofton@vt.edu"
"7/4/2022 10:48:50",802,"yes; surface water","none of the above",NA,NA,NA,"scenario development study based on expert elicitation","no","melofton@vt.edu"
"7/4/2022 10:50:48",803,"yes; surface water","forecast","no","yes","numerical ecosystem simulation (e.g. GLM-AED)",NA,"yes","melofton@vt.edu"
"7/4/2022 10:53:05",804,"yes; surface water","forecast","no","yes","machine learning, either process-guided or not process-guided (e.g. ANN)",NA,"yes","melofton@vt.edu"
"7/4/2022 10:55:05",805,"yes; surface water","forecast","no","yes","machine learning, either process-guided or not process-guided (e.g. ANN)",NA,"no","melofton@vt.edu"
"7/5/2022 8:32:19",806,"yes; surface water","forecast","yes","yes","empirical model but not a time series model (e.g. multiple regression)",NA,"yes","melofton@vt.edu"
"7/4/2022 10:59:14",807,"yes; surface water","none of the above",NA,NA,NA,NA,"no","melofton@vt.edu"
"7/4/2022 11:01:01",808,"yes; surface water","hindcast","yes","yes","numerical ecosystem simulation (e.g. GLM-AED)",NA,"yes","melofton@vt.edu"
"7/4/2022 11:02:30",809,"yes; surface water","forecast","no","yes","machine learning, either process-guided or not process-guided (e.g. ANN)",NA,"yes","melofton@vt.edu"
"7/4/2022 11:03:28",810,"yes; surface water","forecast","no","yes","machine learning, either process-guided or not process-guided (e.g. ANN)",NA,"yes","melofton@vt.edu"
"7/4/2022 11:05:05",811,"yes; surface water","forecast","yes","yes","numerical ecosystem simulation (e.g. GLM-AED)",NA,"yes","melofton@vt.edu"
"7/5/2022 17:25:13",812,"yes; surface water","forecast","no","yes","machine learning, either process-guided or not process-guided (e.g. ANN)",NA,"yes","melofton@vt.edu"
"7/4/2022 11:07:18",813,"no",NA,NA,NA,NA,NA,NA,"melofton@vt.edu"
"7/4/2022 11:08:27",814,"yes; surface water","forecast","no","yes","machine learning, either process-guided or not process-guided (e.g. ANN)",NA,"yes","melofton@vt.edu"
"7/4/2022 11:11:47",815,"yes; surface water","forecast","yes","yes","machine learning, either process-guided or not process-guided (e.g. ANN)",NA,"yes","melofton@vt.edu"
"7/4/2022 11:12:28",816,"no",NA,NA,NA,NA,NA,NA,"melofton@vt.edu"
"7/4/2022 11:13:53",817,"yes; surface water","forecast","yes","yes","machine learning, either process-guided or not process-guided (e.g. ANN)",NA,"yes","melofton@vt.edu"
"7/4/2022 11:15:23",818,"yes; surface water","forecast","no","yes","machine learning, either process-guided or not process-guided (e.g. ANN)",NA,"yes","melofton@vt.edu"
"7/4/2022 11:18:51",819,"yes; surface water","none of the above",NA,NA,NA,NA,"yes","melofton@vt.edu"
"7/4/2022 11:20:47",820,"yes; surface water","hindcast","yes","yes","numerical ecosystem simulation (e.g. GLM-AED)",NA,"yes","melofton@vt.edu"
"7/4/2022 11:22:53",821,"yes; surface water","can't tell","can't tell","can't tell",NA,"not in English","yes","melofton@vt.edu"
"7/6/2022 7:34:19",822,"yes; surface water","forecast","no","yes","machine learning, either process-guided or not process-guided (e.g. ANN)",NA,"yes","melofton@vt.edu"
"7/4/2022 11:24:54",823,"no",NA,NA,NA,NA,NA,NA,"melofton@vt.edu"
"7/4/2022 11:26:02",824,"yes; surface water","none of the above",NA,NA,NA,NA,"yes","melofton@vt.edu"
"7/4/2022 11:28:15",825,"yes; surface water","none of the above",NA,NA,NA,NA,"yes","melofton@vt.edu"
"7/4/2022 11:30:14",826,"yes; surface water","hindcast","no","yes","machine learning, either process-guided or not process-guided (e.g. ANN)",NA,"no","melofton@vt.edu"
