"result_num","freshwater","forecast","uncertainty","nearterm","model_approach","hydrological"
1,"yes; surface water","forecast","yes","no","process-based","no"
2,"yes; surface water","forecast","yes","yes","numerical, machine","no"
3,"yes; surface water","none of the above",NA,NA,NA,"yes"
4,"yes; surface water","forecast","no","no","machine learning, either process-guided or not process-guided (e.g. ANN)","no"
5,"yes; surface water","none of the above",NA,NA,NA,"no"
6,"yes; groundwater","forecast","yes","no","empirical","no"
7,"yes; surface water","forecast","yes","no","numerical","yes"
8,"yes; surface water","forecast","yes","yes","numerical","no"
9,"yes; surface water","none of the above",NA,NA,NA,"no"
10,"yes; surface water","forecast","yes","yes","machine","yes"
11,"yes; surface water","hindcast","yes","yes","empirical","yes"
12,"yes; surface water","none of the above",NA,NA,NA,"no"
13,"yes; surface water","forecast","yes","yes","numerical","yes"
14,"yes; surface water","forecast","no","no","numerical ecosystem simulation (e.g. GLM-AED)","yes"
15,"yes; surface water","forecast","no","yes","numerical ecosystem simulation (e.g. GLM-AED)","yes"
16,"yes; surface water","none of the above","no","yes",NA,"no"
17,"yes; surface water","forecast","yes","no","numerical, empirical","no"
18,"yes; surface water","none of the above",NA,NA,NA,"yes"
19,"yes; surface water","none of the above",NA,NA,NA,"yes"
20,"yes; surface water","forecast","no","no","empirical model but not a time series model (e.g. multiple regression)","no"
21,"yes; surface water","hindcast","no","yes","numerical ecosystem simulation (e.g. GLM-AED)","no"
22,"yes; surface water","forecast","no","yes","time series model (e.g. ARIMA)","no"
23,"yes; surface water","forecast","no","no","machine learning, either process-guided or not process-guided (e.g. ANN)","yes"
24,"yes; surface water","forecast","no","no","numerical ecosystem simulation (e.g. GLM-AED)","yes"
25,"yes; surface water","forecast","no","yes","time series model (e.g. ARIMA)","yes"
26,"yes; surface water","forecast","yes","no","numerical","yes"
27,"yes; surface water","forecast","yes","yes","machine","yes"
28,"yes; surface water","forecast","no","no","numerical ecosystem simulation (e.g. GLM-AED)","yes"
29,"yes; surface water","hindcast","yes","yes","numerical","yes"
30,"yes; surface water","none of the above",NA,NA,NA,"no"
31,"no",NA,NA,NA,NA,NA
32,"yes; surface water","none of the above",NA,NA,NA,"no"
33,"yes; surface water","forecast","no","no","empirical model but not a time series model (e.g. multiple regression)","no"
34,"yes; surface water","none of the above",NA,NA,NA,"yes"
35,"yes; surface water","hindcast","no","yes","machine learning, either process-guided or not process-guided (e.g. ANN)","yes"
36,"yes; surface water","forecast","no","yes","numerical ecosystem simulation (e.g. GLM-AED)","yes"
37,"yes; surface water","forecast","yes","no","empirical model but not a time series model (e.g. multiple regression)","no"
38,"yes; groundwater","forecast","no","no","machine learning, either process-guided or not process-guided (e.g. ANN)","yes"
39,"yes; surface water","forecast","yes","yes","numerical","yes"
40,"yes; surface water","forecast","no","yes","empirical model but not a time series model (e.g. multiple regression)","yes"
41,"yes; surface water","hindcast","yes","yes","numerical","yes"
42,"yes; groundwater","nowcast","yes","yes","empirical","yes"
43,"yes; surface water","hindcast","yes","yes","numerical","no"
44,"yes; surface water","none of the above",NA,NA,NA,"yes"
45,"yes; surface water","none of the above",NA,NA,NA,"no"
46,"yes; surface water","none of the above",NA,NA,NA,"yes"
47,"yes; surface water","none of the above",NA,NA,NA,"yes"
48,"yes; surface water","forecast","yes","yes","machine","yes"
49,"no","forecast","no","no",NA,NA
50,"yes; surface water","hindcast","yes","yes","empirical","yes"
51,"yes; surface water","hindcast","yes","yes","empirical","yes"
52,"yes; surface water","none of the above",NA,NA,NA,"yes"
53,"yes; surface water","hindcast","no","yes","numerical ecosystem simulation (e.g. GLM-AED)","no"
54,"yes; surface water","hindcast","yes","yes","numerical","yes"
55,"yes; surface water","hindcast","no","yes","machine learning, either process-guided or not process-guided (e.g. ANN)","yes"
56,"yes; surface water","hindcast","yes","yes","numerical","yes"
57,"yes; surface water","hindcast","yes","yes","machine","yes"
58,"yes; surface water","forecast","no","yes","machine learning, either process-guided or not process-guided (e.g. ANN)","yes"
59,"yes; surface water","forecast","no","no","empirical model but not a time series model (e.g. multiple regression)","no"
60,"yes; surface water","forecast","no","yes","machine learning, either process-guided or not process-guided (e.g. ANN)","yes"
61,"yes; surface water","forecast","no","yes","other","yes"
62,"yes; surface water","hindcast","yes","yes","numerical","yes"
63,"yes; surface water","forecast","yes","no","numerical","no"
64,"yes; surface water","forecast","no","yes","machine learning, either process-guided or not process-guided (e.g. ANN)","yes"
65,"yes; surface water","hindcast","no","yes","machine learning, either process-guided or not process-guided (e.g. ANN)","no"
66,"yes; surface water","none of the above","yes","yes",NA,"yes"
67,"yes; surface water","none of the above",NA,NA,NA,"yes"
68,"yes; surface water","hindcast","yes","yes","empirical","no"
69,"yes; surface water","none of the above",NA,NA,NA,"yes"
70,"yes; surface water","forecast","no","yes","numerical ecosystem simulation (e.g. GLM-AED)","no"
71,"yes; surface water","hindcast","yes","yes","numerical","yes"
72,"yes; surface water","hindcast","yes","yes","numerical","yes"
73,"yes; surface water","hindcast","no","yes","machine learning, either process-guided or not process-guided (e.g. ANN)","yes"
74,"yes; surface water","hindcast","yes","yes","numerical","yes"
75,"yes; surface water","hindcast","no","yes","other","yes"
76,"yes; surface water","hindcast","yes","yes","numerical","no"
77,"yes; surface water","hindcast","yes","yes","numerical","yes"
78,"yes; surface water","hindcast","no","yes","process-based but not ecosystem simulation (e.g. age-structured population model)","yes"
79,"yes; surface water","none of the above",NA,NA,NA,"yes"
80,"yes; surface water","forecast","no","yes","time series model (e.g. ARIMA)","yes"
81,"yes; surface water","forecast","yes","no","numerical","no"
82,"yes; surface water","none of the above",NA,NA,NA,"yes"
83,"yes; surface water","hindcast","no","yes","machine learning, either process-guided or not process-guided (e.g. ANN)","yes"
84,"yes; surface water","forecast","no","yes","other","no"
85,"yes; surface water","forecast","no","no","process-based but not ecosystem simulation (e.g. age-structured population model)","no"
86,"yes; surface water","none of the above",NA,NA,NA,"no"
87,"yes; surface water","hindcast","yes","yes","numerical","yes"
88,"yes; surface water","forecast","yes","yes","process-based but not ecosystem simulation (e.g. age-structured population model)","no"
89,"yes; surface water","forecast","yes","no","numerical","yes"
90,"yes; surface water","forecast","no","no","process-based but not ecosystem simulation (e.g. age-structured population model)","yes"
91,"yes; surface water","none of the above",NA,"yes",NA,"yes"
93,"yes; surface water","none of the above",NA,NA,NA,"yes"
94,"yes; surface water","hindcast","yes","yes","numerical","yes"
95,"yes; surface water","none of the above",NA,NA,NA,"no"
96,"yes; surface water","forecast","no","no","empirical model but not a time series model (e.g. multiple regression)","no"
97,"yes; surface water","hindcast","yes","yes","numerical","yes"
98,"yes; surface water","none of the above",NA,NA,NA,"yes"
99,"yes; surface water","hindcast","yes","yes","empirical","yes"
100,"yes; surface water","hindcast","yes","yes","numerical","yes"
101,"yes; surface water","hindcast","yes","yes","process-based","yes"
102,"yes; surface water","none of the above",NA,NA,NA,"yes"
103,"yes; surface water","forecast","no","yes","machine learning, either process-guided or not process-guided (e.g. ANN)","yes"
104,"yes; surface water","hindcast","no","yes","process-based but not ecosystem simulation (e.g. age-structured population model)","yes"
105,"yes; surface water","none of the above",NA,NA,NA,"yes"
107,"yes; surface water","forecast","yes","yes","ARIMA","yes"
108,"yes; surface water","none of the above",NA,NA,NA,"yes"
109,"yes; surface water","none of the above",NA,NA,NA,"yes"
110,"yes; surface water","none of the above",NA,NA,NA,"yes"
112,"yes; surface water","hindcast","yes","yes","machine","yes"
113,"no",NA,NA,NA,NA,NA
114,"yes; surface water","none of the above",NA,NA,NA,"yes"
115,"yes; surface water","forecast","yes","no","numerical","yes"
117,"yes; surface water","hindcast","no","yes","machine learning, either process-guided or not process-guided (e.g. ANN)","yes"
118,"yes; surface water","none of the above",NA,NA,NA,"yes"
119,"no",NA,NA,NA,NA,NA
120,"yes; surface water","none of the above",NA,NA,NA,"no"
121,"yes; surface water","forecast","no","no","numerical ecosystem simulation (e.g. GLM-AED)","yes"
122,"yes; surface water","forecast","no","yes","machine learning, either process-guided or not process-guided (e.g. ANN)","no"
123,"yes; surface water","forecast","yes","yes","ARIMA","yes"
124,"yes; surface water","forecast","no","yes","machine","no"
125,"yes; surface water","none of the above",NA,NA,"numerical ecosystem simulation (e.g. GLM-AED)","no"
126,"yes; surface water","forecast","yes","yes","numerical","yes"
127,"yes; surface water","forecast","yes","no","empirical","no"
128,"yes; surface water","forecast","yes","yes","process-based","yes"
129,"yes; surface water","hindcast","yes","yes","machine","yes"
130,"yes; surface water","none of the above",NA,NA,"machine learning, either process-guided or not process-guided (e.g. ANN)","no"
131,"yes; surface water","hindcast","no","yes","machine learning, either process-guided or not process-guided (e.g. ANN)","no"
133,"yes; surface water","hindcast","yes","yes","numerical","no"
134,"yes; surface water","none of the above",NA,NA,"process-based but not ecosystem simulation (e.g. age-structured population model)","yes"
135,"yes; surface water","nowcast","no","yes","empirical model but not a time series model (e.g. multiple regression)","no"
136,"yes; surface water","forecast","yes","no","numerical","yes"
137,"yes; surface water","hindcast","yes","yes","numerical","no"
138,"yes; surface water","none of the above",NA,NA,NA,"no"
139,"yes; surface water","hindcast","no","yes","machine learning, either process-guided or not process-guided (e.g. ANN)","yes"
140,"yes; surface water","none of the above",NA,NA,NA,"no"
141,"yes; surface water","forecast","no","yes","empirical model but not a time series model (e.g. multiple regression)","yes"
143,"yes; surface water","hindcast","no","yes","numerical ecosystem simulation (e.g. GLM-AED)","yes"
144,"yes; surface water","forecast","no","yes","machine learning, either process-guided or not process-guided (e.g. ANN)","no"
145,"yes; surface water","forecast","yes","no","empirical","yes"
146,"yes; surface water","forecast","no","yes","machine learning, either process-guided or not process-guided (e.g. ANN)","no"
147,"no",NA,NA,NA,NA,NA
148,"yes; surface water","forecast","no","yes","machine learning, either process-guided or not process-guided (e.g. ANN)","yes"
149,"yes; surface water","forecast","yes","no","numerical","yes"
150,"yes; surface water","forecast","no","yes","empirical model but not a time series model (e.g. multiple regression)","yes"
151,"yes; surface water","nowcast","no","yes","machine learning, either process-guided or not process-guided (e.g. ANN)","no"
152,"yes; surface water","none of the above",NA,NA,NA,"yes"
153,"yes; surface water","hindcast","yes","yes","machine","yes"
154,"yes; surface water","none of the above",NA,NA,NA,"yes"
155,"yes; surface water","forecast","no","yes","numerical ecosystem simulation (e.g. GLM-AED)","yes"
156,"yes; surface water","hindcast","yes","yes","numerical, empirical","yes"
157,"yes; surface water","none of the above",NA,NA,NA,"yes"
158,"yes; surface water","forecast","no","yes","machine learning, either process-guided or not process-guided (e.g. ANN)","yes"
159,"yes; surface water","hindcast","yes","yes","machine","yes"
160,"yes; surface water","hindcast","no","yes","machine learning, either process-guided or not process-guided (e.g. ANN)","yes"
161,"no",NA,NA,NA,NA,NA
162,"yes; surface water","forecast","no","yes","empirical model but not a time series model (e.g. multiple regression)","no"
164,"yes; surface water","hindcast","no","yes","machine learning, either process-guided or not process-guided (e.g. ANN)","no"
165,"yes; surface water","forecast","yes","no","empirical","no"
166,"yes; surface water","hindcast","yes","yes","process-based, empirical","yes"
167,"no",NA,NA,NA,NA,NA
168,"yes; surface water","forecast","no","yes","machine learning, either process-guided or not process-guided (e.g. ANN)","yes"
169,"yes; groundwater","forecast","no","no","numerical ecosystem simulation (e.g. GLM-AED)","no"
172,"yes; surface water","hindcast","yes","yes","numerical","yes"
173,"yes; surface water","hindcast","yes","yes","ARIMA, process-based, empirical","yes"
174,"yes; surface water","hindcast","no","yes","machine learning, either process-guided or not process-guided (e.g. ANN)","yes"
175,"yes; surface water","hindcast","yes","yes","ARIMA","yes"
176,"yes; surface water","none of the above",NA,NA,NA,"no"
177,"yes; surface water","forecast","yes","yes","empirical","yes"
178,"yes; surface water","forecast","no","yes","empirical model but not a time series model (e.g. multiple regression)","yes"
179,"yes; surface water","forecast","no","yes","machine learning, either process-guided or not process-guided (e.g. ANN)","yes"
180,"no",NA,NA,NA,NA,NA
181,"yes; groundwater","forecast","no","no","machine learning, either process-guided or not process-guided (e.g. ANN)","yes"
182,"yes; surface water","hindcast","no","yes","machine learning, either process-guided or not process-guided (e.g. ANN)","yes"
183,"yes; groundwater","hindcast","yes","yes","numerical","yes"
184,"yes; surface water","forecast","no","yes","time series model (e.g. ARIMA)","yes"
185,"yes; surface water","forecast","yes","yes","process-based, empirical","yes"
186,"yes; surface water","none of the above",NA,NA,NA,"no"
187,"yes; surface water","forecast","no","yes","process-based but not ecosystem simulation (e.g. age-structured population model)","yes"
188,"yes; surface water","hindcast","yes","yes","numerical","yes"
189,"yes; surface water","none of the above",NA,NA,NA,"yes"
190,"yes; surface water","none of the above",NA,NA,NA,"yes"
191,"yes; surface water","none of the above",NA,NA,NA,NA
193,"yes; surface water","hindcast","no","yes","numerical ecosystem simulation (e.g. GLM-AED)","no"
194,"yes; surface water","none of the above",NA,NA,NA,"no"
195,"yes; surface water","forecast","yes","yes","empirical, machine","yes"
196,"yes; surface water","none of the above",NA,NA,NA,"yes"
197,"no",NA,NA,NA,NA,NA
199,"yes; surface water","forecast","yes","yes","ARIMA","yes"
200,"yes; surface water","forecast","no","yes","machine learning, either process-guided or not process-guided (e.g. ANN)","yes"
201,"yes; surface water","nowcast","no","yes","numerical ecosystem simulation (e.g. GLM-AED)","yes"
202,"yes; surface water","forecast","yes","no","numerical","yes"
203,"yes; surface water","forecast","yes","yes","numerical ecosystem simulation (e.g. GLM-AED)","yes"
204,"yes; surface water","forecast","yes","no","numerical","yes"
205,"yes; surface water","forecast","no","yes","time series model (e.g. ARIMA), machine learning, either process-guided or not process-guided (e.g. ANN)","no"
206,"yes; surface water","none of the above",NA,NA,NA,"yes"
207,"yes; surface water","forecast","yes","yes","numerical, empirical","yes"
208,"yes; surface water","forecast","yes","yes","empirical, numerical","yes"
209,"yes; surface water","forecast","yes","yes","numerical","yes"
210,"yes; surface water","none of the above",NA,NA,NA,"yes"
211,"yes; surface water","hindcast","no","yes","machine learning, either process-guided or not process-guided (e.g. ANN)","no"
212,"yes; surface water","forecast","no","yes","machine learning, either process-guided or not process-guided (e.g. ANN)","yes"
213,"yes; surface water","none of the above",NA,NA,NA,"yes"
214,"yes; surface water","forecast","no","yes","machine learning, either process-guided or not process-guided (e.g. ANN)","yes"
215,"no",NA,NA,NA,NA,NA
216,"yes; surface water","none of the above",NA,NA,NA,"yes"
217,"yes; surface water","none of the above",NA,NA,NA,"yes"
219,"yes; surface water","hindcast","yes","yes","numerical","yes"
220,"yes; surface water","none of the above","no",NA,NA,"no"
221,"yes; surface water","forecast","no","no","empirical model but not a time series model (e.g. multiple regression)","yes"
222,"yes; surface water","hindcast","no","yes","machine learning, either process-guided or not process-guided (e.g. ANN)","no"
223,"yes; surface water","forecast","no","yes","machine learning, either process-guided or not process-guided (e.g. ANN)","yes"
224,"yes; surface water","hindcast","no","yes","machine learning, either process-guided or not process-guided (e.g. ANN)","yes"
225,"yes; surface water","forecast","yes","yes","machine","yes"
226,"yes; surface water","none of the above",NA,NA,NA,"no"
227,"yes; surface water","none of the above",NA,NA,NA,"no"
228,"yes; groundwater","none of the above",NA,NA,NA,"no"
229,"yes; surface water","forecast","yes","yes","machine","yes"
230,"yes; surface water","forecast","yes","no","numerical","yes"
231,"yes; surface water","none of the above",NA,NA,NA,"yes"
232,"yes; surface water","forecast","yes","yes","empirical","yes"
233,"yes; surface water","forecast","yes","yes","empirical","yes"
235,"yes; surface water","forecast","yes","yes","numerical","yes"
236,"yes; groundwater","none of the above",NA,NA,NA,"no"
237,"yes; surface water","forecast","no","yes","time series model (e.g. ARIMA); machine learning, either process-guided or not process-guided (e.g. ANN)","yes"
238,"yes; surface water","forecast","yes","no","empirical","no"
239,"yes; surface water","forecast","no","yes","machine learning, either process-guided or not process-guided (e.g. ANN)","no"
240,"yes; surface water","forecast","no","yes","machine learning, either process-guided or not process-guided (e.g. ANN)","yes"
241,"yes; surface water","forecast","yes","no","empirical, machine","no"
242,"yes; surface water","none of the above",NA,NA,NA,"yes"
244,"yes; surface water","forecast","no","yes","numerical ecosystem simulation (e.g. GLM-AED)","yes"
245,"yes; surface water","forecast","no","yes","numerical ecosystem simulation (e.g. GLM-AED), empirical model but not a time series model (e.g. multiple regression)","yes"
246,"yes; surface water","forecast","no","no","numerical ecosystem simulation (e.g. GLM-AED)","yes"
247,"yes; surface water","none of the above",NA,NA,NA,"yes"
248,"yes; surface water","none of the above",NA,NA,NA,"yes"
249,"yes; surface water","forecast","no","yes","process-based but not ecosystem simulation (e.g. age-structured population model)","no"
250,"yes; surface water","forecast","no","yes","machine learning, either process-guided or not process-guided (e.g. ANN)","no"
251,"yes; surface water","none of the above",NA,NA,NA,"yes"
252,"no",NA,NA,NA,NA,NA
253,"yes; groundwater","forecast","no","yes","machine learning, either process-guided or not process-guided (e.g. ANN)","yes"
254,"yes; surface water","none of the above",NA,NA,NA,"yes"
255,"yes; surface water","none of the above",NA,NA,NA,"yes"
257,"yes; surface water","forecast","yes","yes","numerical, machine","yes"
258,"yes; surface water","none of the above",NA,NA,NA,"yes"
259,"yes; surface water","forecast","yes","yes","machine","yes"
260,"yes; surface water","forecast","no","no","numerical ecosystem simulation (e.g. GLM-AED)","no"
261,"yes; surface water","none of the above",NA,NA,NA,"yes"
262,"yes; surface water","forecast","yes","yes","numerical","yes"
263,"yes; surface water","forecast","no","yes","machine learning, either process-guided or not process-guided (e.g. ANN)","yes"
264,"yes; surface water","none of the above",NA,NA,NA,"yes"
265,"yes; surface water","none of the above",NA,NA,NA,"no"
266,"yes; surface water","forecast","no","yes","machine learning, either process-guided or not process-guided (e.g. ANN)","no"
267,"yes; surface water","hindcast","yes","yes","empirical, process-based","yes"
268,"yes; surface water","none of the above",NA,NA,NA,"yes"
269,"yes; surface water","forecast","no","yes","time series model (e.g. ARIMA), machine learning, either process-guided or not process-guided (e.g. ANN), process-based but not ecosystem simulation (e.g. age-structured population model)","yes"
270,"yes; groundwater","forecast","no","no","process-based but not ecosystem simulation (e.g. age-structured population model)","yes"
272,"yes; groundwater","forecast","no","yes","machine learning, either process-guided or not process-guided (e.g. ANN)","yes"
273,"yes; surface water","nowcast","no","yes","empirical model but not a time series model (e.g. multiple regression), machine learning, either process-guided or not process-guided (e.g. ANN)","yes"
275,"yes; surface water","none of the above",NA,NA,NA,"yes"
277,"yes; surface water","none of the above",NA,NA,"process-based","yes"
278,"yes; surface water","none of the above",NA,NA,NA,"no"
279,"yes; surface water","hindcast","yes","yes","numerical, ARIMA","yes"
281,"yes; surface water","none of the above",NA,NA,NA,"no"
282,"yes; surface water","none of the above",NA,NA,NA,"yes"
283,"yes; surface water","forecast","yes","yes","process-based, numerical","yes"
284,"yes; surface water","none of the above",NA,NA,NA,"yes"
285,"yes; surface water","forecast","yes","yes","numerical","yes"
286,"no",NA,NA,NA,NA,NA
287,"yes; surface water","forecast","yes","yes","empirical, machine","yes"
288,"yes; surface water","none of the above",NA,NA,NA,"yes"
289,"yes; surface water","forecast","yes","yes","numerical","yes"
290,"yes; surface water","forecast","yes","no","numerical","yes"
291,"yes; surface water","forecast","yes","yes","machine","yes"
293,"yes; surface water","none of the above",NA,NA,NA,"yes"
294,"yes; surface water","none of the above",NA,NA,NA,"yes"
295,"yes; surface water","forecast","yes","no","process-based","no"
296,"yes; surface water","forecast","no","yes","machine learning, either process-guided or not process-guided (e.g. ANN)","yes"
297,"yes; surface water","none of the above",NA,NA,NA,"yes"
298,"yes; surface water","forecast","no","yes","empirical model but not a time series model (e.g. multiple regression), machine learning, either process-guided or not process-guided (e.g. ANN)","yes"
299,"yes; surface water","none of the above",NA,NA,NA,"yes"
300,"yes; surface water","forecast","yes","yes","machine, empirical","yes"
301,"yes; surface water","nowcast","no","yes","machine learning, either process-guided or not process-guided (e.g. ANN)","yes"
302,"yes; surface water","forecast","yes","yes","process-based, numerical","yes"
303,"yes; groundwater","forecast","no","yes","numerical ecosystem simulation (e.g. GLM-AED)","yes"
305,"yes; surface water","none of the above",NA,NA,NA,"yes"
307,"yes; surface water","hindcast","yes","yes","numerical","yes"
308,"yes; surface water","forecast","yes","yes","numerical","yes"
309,"yes; surface water","none of the above",NA,NA,NA,"yes"
310,"yes; surface water","forecast","no","yes","numerical ecosystem simulation (e.g. GLM-AED)","no"
311,"no",NA,NA,NA,NA,NA
312,"yes; groundwater","nowcast","no","yes","machine learning, either process-guided or not process-guided (e.g. ANN)","no"
313,"yes; groundwater","forecast","yes","yes","numerical","yes"
314,"no",NA,NA,NA,NA,NA
315,"yes; surface water","none of the above",NA,NA,NA,"yes"
316,"yes; surface water","hindcast","yes","yes","process-based","yes"
317,"yes; surface water","none of the above",NA,NA,NA,"no"
318,"yes; surface water","forecast","no","yes","machine learning, either process-guided or not process-guided (e.g. ANN)","yes"
319,"yes; surface water","forecast","yes","no","numerical","no"
322,"yes; surface water","forecast","no","yes","machine learning, either process-guided or not process-guided (e.g. ANN)","yes"
324,"yes; surface water","forecast","yes","yes","ARIMA","yes"
325,"yes; surface water","forecast","no","yes","machine learning, either process-guided or not process-guided (e.g. ANN)","yes"
326,"yes; surface water","forecast","yes","yes","machine","no"
328,"yes; surface water","none of the above",NA,NA,NA,"yes"
329,"yes; surface water","forecast","yes","yes","numerical","yes"
330,"yes; surface water","forecast","no","yes","machine learning, either process-guided or not process-guided (e.g. ANN)","yes"
331,"yes; surface water","none of the above",NA,NA,NA,"yes"
333,"yes; surface water","forecast","no","yes","machine learning, either process-guided or not process-guided (e.g. ANN)","no"
334,"yes; surface water","none of the above",NA,NA,NA,"no"
335,"yes; surface water","forecast","no","yes","machine learning, either process-guided or not process-guided (e.g. ANN)","no"
336,"yes; surface water","forecast","no","yes","numerical ecosystem simulation (e.g. GLM-AED), process-based but not ecosystem simulation (e.g. age-structured population model)","yes"
337,"yes; surface water","hindcast","yes","yes","numerical","yes"
338,"yes; surface water","forecast","yes","yes","machine","no"
339,"yes; surface water","forecast","yes","yes","numerical","yes"
340,"yes; surface water","hindcast","yes","yes","machine","yes"
341,"yes; groundwater","forecast","no","yes","machine learning, either process-guided or not process-guided (e.g. ANN)","yes"
343,"yes; surface water","forecast","can't tell","yes",NA,"yes"
344,"yes; surface water","none of the above",NA,NA,NA,"yes"
345,"yes; surface water","forecast","no","yes","empirical model but not a time series model (e.g. multiple regression)","yes"
347,"no",NA,NA,NA,NA,NA
348,"yes; surface water","forecast","yes","yes","process-based","yes"
349,"yes; surface water","forecast","no","yes","machine learning, either process-guided or not process-guided (e.g. ANN)","yes"
350,"yes; surface water","forecast","yes","yes","numerical","yes"
351,"yes; surface water","forecast","no","yes","empirical model but not a time series model (e.g. multiple regression)","yes"
352,"yes; surface water","forecast","no","yes","machine learning, either process-guided or not process-guided (e.g. ANN)","yes"
353,"yes; surface water","hindcast","yes","yes","ARIMA","yes"
354,"yes; surface water","none of the above",NA,NA,NA,"no"
355,"yes; surface water","none of the above",NA,NA,NA,"yes"
357,"yes; surface water","forecast","yes","yes","empirical, numerical","yes"
358,"yes; surface water","forecast","yes","yes","empirical","yes"
360,"yes; surface water","hindcast","yes","yes","process-based","yes"
362,"yes; surface water","forecast","no","yes","machine learning, either process-guided or not process-guided (e.g. ANN)","no"
363,"no",NA,NA,NA,NA,NA
365,"yes; surface water","forecast","no","yes","machine learning, either process-guided or not process-guided (e.g. ANN)","yes"
366,"yes; surface water","forecast","no","yes","machine learning, either process-guided or not process-guided (e.g. ANN)","yes"
368,"yes; surface water","none of the above",NA,NA,NA,"no"
369,"yes; surface water","forecast","no","yes","numerical ecosystem simulation (e.g. GLM-AED)","no"
370,"yes; surface water","forecast","no","yes","time series model (e.g. ARIMA), empirical model but not a time series model (e.g. multiple regression)","no"
371,"yes; surface water","none of the above",NA,NA,NA,"yes"
372,"yes; groundwater","forecast","no","yes","empirical model but not a time series model (e.g. multiple regression)","no"
373,"yes; surface water","none of the above",NA,NA,NA,"yes"
374,"yes; surface water","forecast","yes","yes","empirical","no"
375,"yes; groundwater","forecast","no","yes","machine learning, either process-guided or not process-guided (e.g. ANN)","yes"
377,"yes; surface water","none of the above",NA,NA,NA,"yes"
378,"yes; surface water","forecast","no","yes","machine learning, either process-guided or not process-guided (e.g. ANN)","yes"
379,"yes; surface water","forecast","yes","no","empirical","no"
381,"yes; surface water","forecast","yes","yes","process-based","yes"
382,"yes; surface water","forecast","no","yes","machine learning, either process-guided or not process-guided (e.g. ANN)","yes"
383,"yes; surface water","forecast","no","yes","numerical ecosystem simulation (e.g. GLM-AED), empirical model but not a time series model (e.g. multiple regression)","yes"
384,"yes; surface water","forecast","no","no","process-based but not ecosystem simulation (e.g. age-structured population model)","yes"
385,"yes; surface water","hindcast","no","yes","machine learning, either process-guided or not process-guided (e.g. ANN)","yes"
386,"yes; surface water","none of the above",NA,"no","time series model (e.g. ARIMA)","yes"
387,"yes; surface water","forecast","no","yes","machine learning, either process-guided or not process-guided (e.g. ANN)","yes"
389,"yes; surface water","forecast","yes","no","numerical ecosystem simulation (e.g. GLM-AED)","yes"
390,"yes; surface water","hindcast","no","yes","process-based but not ecosystem simulation (e.g. age-structured population model)","yes"
392,"yes; surface water","none of the above",NA,NA,NA,"yes"
393,"yes; surface water","hindcast","yes","yes","other","yes"
395,"yes; groundwater","none of the above",NA,"no","machine learning, either process-guided or not process-guided (e.g. ANN)","no"
397,"yes; surface water",NA,NA,NA,NA,"no"
398,"yes; surface water","none of the above",NA,NA,NA,"yes"
399,"yes; surface water","none of the above",NA,"no","machine learning, either process-guided or not process-guided (e.g. ANN)","yes"
400,"yes; surface water","forecast","no","no","process-based but not ecosystem simulation (e.g. age-structured population model)","yes"
401,"yes; surface water","forecast","no","yes","process-based but not ecosystem simulation (e.g. age-structured population model)","yes"
403,"yes; surface water","hindcast","yes","yes","process-based but not ecosystem simulation (e.g. age-structured population model)","yes"
404,"yes; surface water","hindcast","no","yes","process-based but not ecosystem simulation (e.g. age-structured population model)","yes"
405,"yes; surface water","forecast","no","yes","empirical model but not a time series model (e.g. multiple regression), machine learning, either process-guided or not process-guided (e.g. ANN)","yes"
408,"yes; surface water","forecast","yes","yes","numerical ecosystem simulation (e.g. GLM-AED)","yes"
409,"yes; surface water","forecast","yes","yes","process-based but not ecosystem simulation (e.g. age-structured population model), time series model (e.g. ARIMA), empirical model but not a time series model (e.g. multiple regression), machine learning, either process-guided or not process-guided (e.g. ANN)","yes"
410,"yes; surface water","forecast","no","yes","machine learning, either process-guided or not process-guided (e.g. ANN)","yes"
411,"yes; surface water","forecast","yes","yes","numerical ecosystem simulation (e.g. GLM-AED)","no"
412,"yes; surface water","forecast","yes","yes","numerical ecosystem simulation (e.g. GLM-AED)","yes"
413,"yes; surface water","forecast","yes","yes","numerical ecosystem simulation (e.g. GLM-AED)","yes"
414,"yes; surface water","forecast","no","yes","machine learning, either process-guided or not process-guided (e.g. ANN)","yes"
415,"yes; surface water","forecast","no","yes","machine learning, either process-guided or not process-guided (e.g. ANN)","yes"
416,"yes; surface water","forecast","yes","yes","numerical ecosystem simulation (e.g. GLM-AED), process-based but not ecosystem simulation (e.g. age-structured population model)","no"
417,"yes; surface water","forecast","no","yes","machine learning, either process-guided or not process-guided (e.g. ANN)","yes"
418,"yes; surface water","forecast","no","yes","machine learning, either process-guided or not process-guided (e.g. ANN)","yes"
419,"yes; surface water","forecast","yes","yes","numerical ecosystem simulation (e.g. GLM-AED), process-based but not ecosystem simulation (e.g. age-structured population model)","yes"
420,"yes; surface water","none of the above",NA,NA,NA,"yes"
421,"yes; surface water","forecast","no","yes","machine learning, either process-guided or not process-guided (e.g. ANN)","no"
426,"yes; surface water","forecast","yes","yes","empirical model but not a time series model (e.g. multiple regression)","yes"
427,"yes; surface water","forecast","no","yes","machine learning, either process-guided or not process-guided (e.g. ANN)","yes"
428,"yes; surface water","hindcast","yes","yes","numerical ecosystem simulation (e.g. GLM-AED)","yes"
429,"yes; surface water","forecast","yes","yes","numerical ecosystem simulation (e.g. GLM-AED)","yes"
430,"yes; surface water","forecast","no","yes","machine learning, either process-guided or not process-guided (e.g. ANN)","yes"
431,"yes; surface water","forecast","no","yes","time series model (e.g. ARIMA), machine learning, either process-guided or not process-guided (e.g. ANN)","yes"
432,"yes; surface water","forecast","yes","yes","numerical ecosystem simulation (e.g. GLM-AED), machine learning, either process-guided or not process-guided (e.g. ANN)","yes"
433,"yes; surface water","forecast","no","yes","machine learning, either process-guided or not process-guided (e.g. ANN)","yes"
434,"yes; surface water","forecast","yes","yes","process-based but not ecosystem simulation (e.g. age-structured population model)","yes"
435,"yes; surface water","forecast","no","yes","machine learning, either process-guided or not process-guided (e.g. ANN)","yes"
437,"yes; surface water","forecast","no","yes","machine learning, either process-guided or not process-guided (e.g. ANN)","yes"
438,"yes; surface water","forecast","no","yes","machine learning, either process-guided or not process-guided (e.g. ANN)","yes"
440,"yes; surface water","none of the above",NA,NA,NA,"yes"
441,"yes; surface water","forecast","yes","yes","numerical ecosystem simulation (e.g. GLM-AED)","yes"
442,"yes; surface water","forecast","no","yes","numerical ecosystem simulation (e.g. GLM-AED)","yes"
443,"yes; surface water","none of the above",NA,NA,NA,"yes"
444,"yes; surface water","forecast","yes","yes","numerical ecosystem simulation (e.g. GLM-AED)","yes"
445,"yes; surface water","forecast","yes","yes","time series model (e.g. ARIMA), empirical model but not a time series model (e.g. multiple regression)","yes"
446,"yes; groundwater","forecast","no","yes","machine learning, either process-guided or not process-guided (e.g. ANN)","yes"
447,"yes; groundwater","forecast","yes","yes","numerical ecosystem simulation (e.g. GLM-AED)","yes"
448,"yes; surface water","forecast","no","yes","machine learning, either process-guided or not process-guided (e.g. ANN)","yes"
449,"yes; surface water","forecast","yes","yes","numerical ecosystem simulation (e.g. GLM-AED)","yes"
450,"yes; surface water","forecast","yes","yes","empirical model but not a time series model (e.g. multiple regression)","yes"
451,"yes; surface water","forecast","yes","yes","machine learning, either process-guided or not process-guided (e.g. ANN)","yes"
452,"yes; surface water","hindcast","yes","yes","process-based but not ecosystem simulation (e.g. age-structured population model)","no"
453,"yes; surface water","forecast","yes","yes","numerical ecosystem simulation (e.g. GLM-AED)","yes"
455,"yes; surface water","none of the above",NA,NA,NA,"yes"
456,"yes; surface water","hindcast","yes","yes","numerical ecosystem simulation (e.g. GLM-AED), process-based but not ecosystem simulation (e.g. age-structured population model)","yes"
457,"yes; surface water","forecast","yes","yes","empirical model but not a time series model (e.g. multiple regression), machine learning, either process-guided or not process-guided (e.g. ANN)","yes"
458,"yes; surface water","forecast","no","yes","machine learning, either process-guided or not process-guided (e.g. ANN)","yes"
459,"yes; surface water","forecast","yes","yes","machine learning, either process-guided or not process-guided (e.g. ANN)","yes"
460,"yes; surface water","forecast","no","yes","numerical ecosystem simulation (e.g. GLM-AED)","yes"
461,"yes; surface water","forecast","no","yes","machine learning, either process-guided or not process-guided (e.g. ANN)","yes"
463,"yes; surface water","forecast","yes","yes","numerical ecosystem simulation (e.g. GLM-AED), empirical model but not a time series model (e.g. multiple regression)","yes"
464,"yes; surface water","none of the above",NA,NA,NA,"yes"
465,"yes; surface water","none of the above",NA,NA,NA,"yes"
467,"yes; surface water","forecast","yes","yes","empirical model but not a time series model (e.g. multiple regression), machine learning, either process-guided or not process-guided (e.g. ANN)","yes"
468,"yes; groundwater","forecast","no","yes","empirical model but not a time series model (e.g. multiple regression)","no"
469,"yes; surface water","forecast","no","yes","numerical ecosystem simulation (e.g. GLM-AED)","yes"
470,"yes; surface water","none of the above",NA,NA,NA,"no"
471,"yes; surface water","hindcast","yes","yes","numerical ecosystem simulation (e.g. GLM-AED)","yes"
472,"yes; surface water","forecast","yes","yes","process-based but not ecosystem simulation (e.g. age-structured population model)","yes"
473,"yes; surface water","forecast","yes","yes","numerical ecosystem simulation (e.g. GLM-AED)","yes"
474,"yes; surface water","forecast","yes","yes","numerical ecosystem simulation (e.g. GLM-AED)","yes"
475,"yes; surface water","none of the above",NA,NA,NA,"yes"
477,"yes; surface water","forecast","yes","yes","process-based but not ecosystem simulation (e.g. age-structured population model)","yes"
478,"yes; surface water","hindcast","yes","yes","numerical ecosystem simulation (e.g. GLM-AED)","yes"
479,"yes; surface water","forecast","yes","yes","time series model (e.g. ARIMA)","yes"
480,"yes; surface water","forecast","yes","yes","numerical ecosystem simulation (e.g. GLM-AED)","yes"
481,"yes; surface water","none of the above",NA,NA,NA,"yes"
482,"yes; surface water","forecast","no","yes","time series model (e.g. ARIMA), machine learning, either process-guided or not process-guided (e.g. ANN)","yes"
483,"yes; surface water","forecast","no","yes","machine learning, either process-guided or not process-guided (e.g. ANN)","yes"
484,"yes; surface water","hindcast","no","yes","other","yes"
486,"yes; surface water","forecast","yes","yes","numerical ecosystem simulation (e.g. GLM-AED), process-based but not ecosystem simulation (e.g. age-structured population model), empirical model but not a time series model (e.g. multiple regression)","yes"
487,"yes; surface water","forecast","no","yes","time series model (e.g. ARIMA), empirical model but not a time series model (e.g. multiple regression), machine learning, either process-guided or not process-guided (e.g. ANN)","yes"
488,"yes; surface water","forecast","no","yes","time series model (e.g. ARIMA), empirical model but not a time series model (e.g. multiple regression)","yes"
492,"yes; surface water","forecast","yes","yes","numerical ecosystem simulation (e.g. GLM-AED)","yes"
494,"yes; surface water","forecast","yes","yes","time series model (e.g. ARIMA), empirical model but not a time series model (e.g. multiple regression)","yes"
495,"yes; surface water","forecast","no","yes","machine learning, either process-guided or not process-guided (e.g. ANN)","yes"
496,"yes; surface water","none of the above",NA,NA,NA,"no"
497,"yes; surface water","none of the above",NA,NA,NA,"no"
498,"yes; surface water","forecast","yes","yes","numerical ecosystem simulation (e.g. GLM-AED), process-based but not ecosystem simulation (e.g. age-structured population model)","yes"
499,"yes; surface water","forecast","no","yes","numerical ecosystem simulation (e.g. GLM-AED)","no"
501,"yes; surface water","none of the above",NA,NA,NA,"no"
503,"yes; surface water","none of the above",NA,NA,NA,"no"
504,"yes; surface water","forecast","no","yes","machine learning, either process-guided or not process-guided (e.g. ANN)","yes"
505,"yes; surface water","forecast","yes","yes","machine learning, either process-guided or not process-guided (e.g. ANN)","yes"
508,"yes; surface water","forecast","no","yes","empirical model but not a time series model (e.g. multiple regression), machine learning, either process-guided or not process-guided (e.g. ANN)","yes"
509,"yes; surface water","hindcast","yes","yes","numerical ecosystem simulation (e.g. GLM-AED)","yes"
510,"yes; surface water","forecast","yes","yes","empirical model but not a time series model (e.g. multiple regression)","yes"
511,"yes; surface water","none of the above",NA,NA,NA,"no"
513,"yes; surface water","forecast","no","yes","machine learning, either process-guided or not process-guided (e.g. ANN)","yes"
514,"yes; surface water","forecast","yes","yes","numerical","yes"
515,"yes; surface water","forecast","yes","no","empirical","no"
516,"yes; surface water","forecast","no","yes","numerical ecosystem simulation (e.g. GLM-AED)","yes"
517,"yes; surface water","forecast","yes","yes","process-based","yes"
518,"yes; surface water","forecast","no","yes","process-based but not ecosystem simulation (e.g. age-structured population model)","yes"
519,"yes; surface water","none of the above",NA,NA,NA,"yes"
521,"yes; surface water","forecast","no","yes","machine learning, either process-guided or not process-guided (e.g. ANN)","yes"
522,"yes; surface water","none of the above",NA,NA,NA,"yes"
523,"yes; surface water","forecast","no","yes","machine learning, either process-guided or not process-guided (e.g. ANN)","yes"
524,"yes; surface water","forecast","yes","yes","machine","yes"
525,"yes; surface water","forecast","yes","yes","process-based","yes"
527,"yes; groundwater","none of the above",NA,NA,NA,"yes"
529,"yes; surface water","forecast","no","yes","process-based but not ecosystem simulation (e.g. age-structured population model)","yes"
530,"yes; surface water","forecast","yes","yes","numerical","yes"
531,"yes; surface water","forecast","yes","yes","machine","yes"
532,"yes; surface water","forecast","yes","yes","numerical","yes"
533,"yes; surface water","forecast","no","yes","machine learning, either process-guided or not process-guided (e.g. ANN)","yes"
534,"yes; surface water","none of the above",NA,NA,NA,"yes"
535,"yes; surface water","none of the above",NA,NA,NA,"yes"
537,"yes; surface water","forecast","no","yes","machine learning, either process-guided or not process-guided (e.g. ANN)","no"
538,"yes; surface water","forecast","no","yes","machine learning, either process-guided or not process-guided (e.g. ANN)","yes"
540,"yes; surface water","none of the above",NA,NA,NA,"no"
542,"yes; surface water","forecast","no","yes","machine learning, either process-guided or not process-guided (e.g. ANN)","yes"
544,"yes; surface water","forecast","yes","yes","empirical","yes"
545,"yes; surface water","none of the above",NA,NA,NA,"yes"
546,"yes; surface water","forecast","no","yes","machine learning, either process-guided or not process-guided (e.g. ANN)","no"
547,"yes; surface water","none of the above",NA,NA,NA,"yes"
548,"yes; surface water","forecast","yes","yes","ARIMA, machine","yes"
549,"yes; surface water","hindcast","no","yes","process-based but not ecosystem simulation (e.g. age-structured population model)","yes"
550,"yes; surface water","forecast","no","yes","machine learning, either process-guided or not process-guided (e.g. ANN)","yes"
551,"yes; surface water","forecast","yes","yes","process-based","yes"
553,"yes; surface water","hindcast","no","yes","machine learning, either process-guided or not process-guided (e.g. ANN)","yes"
554,"yes; surface water","forecast","no","yes","machine learning, either process-guided or not process-guided (e.g. ANN)","yes"
555,"yes; surface water","hindcast","no","yes","process-based but not ecosystem simulation (e.g. age-structured population model); machine learning, either process-guided or not process-guided (e.g. ANN)","yes"
556,"yes; surface water","hindcast","no","yes","machine learning, either process-guided or not process-guided (e.g. ANN)","yes"
557,"yes; surface water","hindcast","no","yes","machine learning, either process-guided or not process-guided (e.g. ANN)","yes"
558,"yes; surface water","forecast","no","yes","machine learning, either process-guided or not process-guided (e.g. ANN)","yes"
559,"yes; surface water","hindcast","no","yes","numerical ecosystem simulation (e.g. GLM-AED)","yes"
563,"yes; surface water","hindcast","no","yes","process-based but not ecosystem simulation (e.g. age-structured population model)","yes"
563,"yes; surface water","hindcast","no","yes","process-based but not ecosystem simulation (e.g. age-structured population model)","yes"
564,"yes; surface water","forecast","no","yes","process-based but not ecosystem simulation (e.g. age-structured population model), empirical model but not a time series model (e.g. multiple regression), machine learning, either process-guided or not process-guided (e.g. ANN)","yes"
566,"yes; surface water","forecast","yes","yes","machine","yes"
567,"yes; surface water","forecast","yes","yes","machine","yes"
569,"yes; surface water","forecast","no","yes","empirical model but not a time series model (e.g. multiple regression)","yes"
570,"yes; surface water","forecast","no","yes","time series model (e.g. ARIMA)","no"
571,"yes; surface water","forecast","no","yes","numerical ecosystem simulation (e.g. GLM-AED), process-based but not ecosystem simulation (e.g. age-structured population model)","yes"
572,"yes; surface water","forecast","yes","yes","process-based","yes"
574,"yes; surface water","forecast","no","yes","machine learning, either process-guided or not process-guided (e.g. ANN)","yes"
576,"yes; groundwater","none of the above",NA,NA,NA,"no"
577,"yes; surface water","none of the above",NA,NA,NA,"yes"
578,"yes; surface water","forecast","no","yes","time series model (e.g. ARIMA), machine learning, either process-guided or not process-guided (e.g. ANN)","yes"
582,"yes; surface water","forecast","no","yes","numerical ecosystem simulation (e.g. GLM-AED)","yes"
583,"no",NA,NA,NA,NA,NA
584,"yes; surface water","forecast","no","yes","machine learning, either process-guided or not process-guided (e.g. ANN)","yes"
585,"yes; surface water","forecast","no","yes","numerical ecosystem simulation (e.g. GLM-AED), process-based but not ecosystem simulation (e.g. age-structured population model)","yes"
587,"yes; surface water","forecast","yes","yes","empirical","yes"
588,"yes; surface water","hindcast","yes","yes","process-based","yes"
589,"yes; surface water","forecast","yes","yes","machine","yes"
590,"yes; surface water","forecast","no","yes","empirical model but not a time series model (e.g. multiple regression)","yes"
591,"yes; surface water","forecast","can't tell","yes","empirical","yes"
592,"yes; surface water","forecast","no","yes","machine learning, either process-guided or not process-guided (e.g. ANN)","yes"
593,"yes; surface water","forecast","yes","yes","process-based","yes"
594,"yes; surface water","forecast","no","yes","machine learning, either process-guided or not process-guided (e.g. ANN)","yes"
596,"yes; surface water","forecast","no","yes","machine learning, either process-guided or not process-guided (e.g. ANN)","yes"
597,"yes; surface water","forecast","no","yes","machine learning, either process-guided or not process-guided (e.g. ANN)","yes"
601,"yes; surface water","forecast","no","yes","empirical model but not a time series model (e.g. multiple regression)","yes"
602,"yes; surface water","hindcast","yes","yes","empirical, machine","yes"
604,"yes; surface water","forecast","no","yes","machine learning, either process-guided or not process-guided (e.g. ANN)","yes"
605,"yes; surface water","none of the above",NA,NA,NA,"no"
606,"yes; surface water","forecast","yes","yes","empirical","yes"
607,"yes; surface water","none of the above",NA,NA,NA,"yes"
608,"yes; surface water","forecast","yes","yes","numerical","yes"
609,"yes; surface water","forecast","yes","yes","empirical","yes"
610,"yes; surface water","forecast","no","yes","machine learning, either process-guided or not process-guided (e.g. ANN)","yes"
611,"yes; surface water","none of the above",NA,NA,NA,"no"
612,"yes; surface water","forecast","no","yes","machine learning, either process-guided or not process-guided (e.g. ANN)","yes"
613,"yes; surface water","forecast","yes","yes","numerical","yes"
614,"yes; surface water","none of the above",NA,NA,NA,"yes"
615,"yes; surface water","hindcast","yes","yes","numerical","yes"
616,"yes; surface water","forecast","no","yes","machine learning, either process-guided or not process-guided (e.g. ANN)","yes"
617,"yes; surface water","forecast","yes","yes","empirical, machine","yes"
618,"yes; surface water","forecast","yes","yes","machine","yes"
619,"yes; surface water","forecast","yes","yes","empirical, process-based","yes"
620,"yes; surface water","none of the above",NA,NA,NA,"no"
621,"yes; surface water","forecast","no","yes","time series model (e.g. ARIMA)","yes"
624,"yes; surface water","none of the above",NA,NA,NA,"no"
625,"yes; surface water","forecast","no","yes","machine learning, either process-guided or not process-guided (e.g. ANN)","yes"
627,"yes; surface water","forecast","yes","yes","numerical","yes"
628,"yes; surface water","forecast","no","yes","machine learning, either process-guided or not process-guided (e.g. ANN)","yes"
629,"yes; groundwater","forecast","no","yes","machine learning, either process-guided or not process-guided (e.g. ANN)","yes"
630,"yes; surface water","none of the above",NA,NA,NA,"no"
631,"yes; surface water","forecast","no","yes","machine learning, either process-guided or not process-guided (e.g. ANN)","yes"
633,"yes; surface water","forecast","yes","yes","machine","yes"
634,"yes; surface water","hindcast","yes","yes","empirical","yes"
635,"yes; surface water","forecast","yes","yes","numerical","yes"
636,"yes; surface water","forecast","yes","yes","numerical","yes"
637,"yes; surface water","forecast","yes","yes","machine","no"
639,"yes; surface water","forecast","yes","yes","machine","yes"
640,"yes; surface water","forecast","no","yes","empirical model but not a time series model (e.g. multiple regression)","yes"
641,"yes; surface water","none of the above",NA,NA,NA,"yes"
643,"yes; surface water","forecast","no","yes","machine learning, either process-guided or not process-guided (e.g. ANN)","yes"
645,"yes; surface water","forecast","yes","yes","numerical","yes"
646,"yes; surface water","forecast","yes","yes","empirical, machine","yes"
647,"yes; surface water","forecast","yes","yes","numerical","yes"
648,"yes; groundwater","forecast","no","yes","machine learning, either process-guided or not process-guided (e.g. ANN)","yes"
649,"yes; surface water","forecast","no","yes","time series model (e.g. ARIMA), machine learning, either process-guided or not process-guided (e.g. ANN)","no"
650,"yes; surface water","forecast","no","yes","machine learning, either process-guided or not process-guided (e.g. ANN)","yes"
651,"yes; surface water","forecast","yes","yes","empirical","yes"
652,"yes; surface water","none of the above",NA,NA,NA,"yes"
653,"yes; surface water","hindcast","yes","yes","numerical","yes"
654,"yes; surface water","none of the above",NA,NA,NA,"yes"
655,"yes; surface water","forecast","no","yes","machine learning, either process-guided or not process-guided (e.g. ANN)","yes"
656,"yes; surface water","forecast","no","yes","numerical ecosystem simulation (e.g. GLM-AED), process-based but not ecosystem simulation (e.g. age-structured population model)","yes"
657,"yes; surface water","forecast","no","yes","machine learning, either process-guided or not process-guided (e.g. ANN)","yes"
658,"yes; surface water","forecast","no","yes","machine learning, either process-guided or not process-guided (e.g. ANN)","yes"
659,"no",NA,NA,NA,NA,NA
660,"yes; surface water","none of the above",NA,NA,NA,"no"
666,"yes; surface water","none of the above",NA,NA,NA,"yes"
668,"yes; surface water","forecast","no","yes","machine","no"
669,"yes; surface water","forecast","no","yes","empirical model but not a time series model (e.g. multiple regression)","yes"
671,"yes; surface water","forecast","yes","yes","empirical","yes"
672,"yes; surface water","forecast","no","yes","machine learning, either process-guided or not process-guided (e.g. ANN)","yes"
673,"yes; surface water","forecast","yes","yes","process-based","yes"
677,"yes; surface water","forecast","yes","yes","machine","yes"
679,"yes; surface water","forecast","yes","yes","numerical","yes"
680,"yes; surface water","forecast","no","yes","machine learning, either process-guided or not process-guided (e.g. ANN)","yes"
681,"yes; surface water","none of the above",NA,NA,NA,"yes"
682,"yes; surface water","forecast","no","yes","machine learning, either process-guided or not process-guided (e.g. ANN)","yes"
683,"yes; surface water","none of the above",NA,NA,NA,"yes"
684,"yes; surface water","forecast","yes","yes","numerical","yes"
685,"yes; surface water","forecast","yes","yes","process-based","yes"
686,"yes; surface water","forecast","yes","yes","machine","yes"
687,"yes; surface water","forecast","no","yes","machine learning, either process-guided or not process-guided (e.g. ANN)","yes"
688,"yes; surface water","forecast","no","yes","machine learning, either process-guided or not process-guided (e.g. ANN)","yes"
689,"no",NA,NA,NA,NA,NA
691,"yes; surface water","forecast","no","yes","time series model (e.g. ARIMA), machine learning, either process-guided or not process-guided (e.g. ANN)","yes"
692,"yes; surface water","none of the above",NA,NA,NA,"yes"
693,"yes; surface water","hindcast","no","yes","time series model (e.g. ARIMA)","yes"
695,"yes; surface water","forecast","yes","yes","machine","yes"
696,"yes; surface water","forecast","no","yes","machine learning, either process-guided or not process-guided (e.g. ANN)","yes"
698,"yes; surface water","none of the above",NA,NA,NA,"yes"
700,"yes; surface water","forecast","yes","yes","empirical, machine","yes"
702,"yes; surface water","forecast","no","yes","machine learning, either process-guided or not process-guided (e.g. ANN)","yes"
705,"yes; surface water","forecast","yes","yes","empirical, process-based","yes"
706,"yes; surface water","forecast","no","yes","machine learning, either process-guided or not process-guided (e.g. ANN)","yes"
707,"yes; surface water","forecast","no","yes","machine learning, either process-guided or not process-guided (e.g. ANN)","yes"
709,"yes; surface water","forecast","no","yes","machine learning, either process-guided or not process-guided (e.g. ANN)","yes"
710,"yes; surface water","forecast","yes","yes","numerical","yes"
711,"yes; surface water","none of the above",NA,NA,NA,"no"
712,"no",NA,NA,NA,NA,NA
713,"yes; groundwater","none of the above",NA,NA,NA,"yes"
714,"yes; groundwater","none of the above",NA,NA,NA,"yes"
715,"yes; surface water","hindcast","yes","yes","process-based but not ecosystem simulation (e.g. age-structured population model)","yes"
716,"yes; surface water","hindcast","yes","yes","numerical ecosystem simulation (e.g. GLM-AED), process-based but not ecosystem simulation (e.g. age-structured population model)","yes"
717,"yes; surface water","hindcast","yes","yes","numerical ecosystem simulation (e.g. GLM-AED)","yes"
718,"yes; surface water","forecast","yes","no","numerical ecosystem simulation (e.g. GLM-AED)","yes"
719,"yes; surface water","forecast","yes","yes","numerical ecosystem simulation (e.g. GLM-AED)","yes"
720,"yes; surface water","forecast","no","no","numerical ecosystem simulation (e.g. GLM-AED)","yes"
721,"yes; surface water","forecast","no","yes","numerical ecosystem simulation (e.g. GLM-AED)","yes"
722,"yes; surface water","forecast","no","yes","machine learning, either process-guided or not process-guided (e.g. ANN)","yes"
723,"yes; surface water","forecast","no","yes","numerical ecosystem simulation (e.g. GLM-AED)","yes"
724,"yes; surface water","hindcast","yes","yes","machine learning, either process-guided or not process-guided (e.g. ANN)","yes"
725,"yes; surface water","forecast","yes","yes","process-based but not ecosystem simulation (e.g. age-structured population model)","yes"
726,"yes; surface water","none of the above",NA,NA,NA,"yes"
727,"yes; surface water","forecast","no","yes","machine learning, either process-guided or not process-guided (e.g. ANN)","yes"
728,"no",NA,NA,NA,NA,NA
729,"yes; surface water","none of the above",NA,NA,NA,"yes"
730,"no",NA,NA,NA,NA,NA
731,"yes; surface water","none of the above",NA,NA,NA,"no"
732,"yes; surface water","none of the above",NA,NA,NA,"yes"
733,"yes; surface water","none of the above",NA,NA,NA,"yes"
734,"yes; surface water","forecast","no","yes","machine learning, either process-guided or not process-guided (e.g. ANN)","no"
735,"yes; surface water","forecast","no","yes","time series model (e.g. ARIMA), machine learning, either process-guided or not process-guided (e.g. ANN)","yes"
736,"yes; groundwater","forecast","no","yes","numerical ecosystem simulation (e.g. GLM-AED)","yes"
737,"yes; surface water","forecast","no","yes","machine learning, either process-guided or not process-guided (e.g. ANN)","no"
738,"yes; surface water","forecast","no","yes","machine learning, either process-guided or not process-guided (e.g. ANN)","yes"
739,"yes; surface water","forecast","no","yes","machine learning, either process-guided or not process-guided (e.g. ANN)","yes"
740,"yes; surface water","forecast","no","yes","machine learning, either process-guided or not process-guided (e.g. ANN)","yes"
741,"yes; surface water","none of the above",NA,NA,NA,"no"
742,"yes; surface water","none of the above",NA,NA,NA,"no"
743,"yes; surface water","hindcast","yes","yes","machine learning, either process-guided or not process-guided (e.g. ANN)","yes"
744,"yes; groundwater","forecast","yes","yes","machine learning, either process-guided or not process-guided (e.g. ANN)","yes"
745,"yes; surface water","hindcast","no","yes","empirical model but not a time series model (e.g. multiple regression)","yes"
746,"no",NA,NA,NA,NA,NA
747,"no",NA,NA,NA,NA,NA
748,"yes; surface water","forecast","no","yes","time series model (e.g. ARIMA), empirical model but not a time series model (e.g. multiple regression)","yes"
749,"no",NA,NA,NA,NA,NA
750,"yes; surface water","hindcast","yes","yes","process-based but not ecosystem simulation (e.g. age-structured population model)","yes"
751,"yes; surface water","forecast","yes","yes","machine learning, either process-guided or not process-guided (e.g. ANN)","yes"
752,"yes; surface water","forecast","no","yes","time series model (e.g. ARIMA), empirical model but not a time series model (e.g. multiple regression)","yes"
753,"no",NA,NA,NA,NA,NA
754,"no",NA,NA,NA,NA,NA
755,"yes; surface water","hindcast","no","yes","machine learning, either process-guided or not process-guided (e.g. ANN)","yes"
756,"yes; surface water","none of the above",NA,NA,NA,"yes"
757,"yes; surface water","forecast","no","yes","empirical model but not a time series model (e.g. multiple regression), machine learning, either process-guided or not process-guided (e.g. ANN)","yes"
758,"yes; surface water","forecast","no","yes","machine learning, either process-guided or not process-guided (e.g. ANN)","yes"
759,"yes; surface water","forecast","yes","yes","machine learning, either process-guided or not process-guided (e.g. ANN)","yes"
760,"yes; surface water","forecast","no","yes","empirical model but not a time series model (e.g. multiple regression), machine learning, either process-guided or not process-guided (e.g. ANN)","yes"
761,"yes; surface water","forecast","no","yes","empirical model but not a time series model (e.g. multiple regression), machine learning, either process-guided or not process-guided (e.g. ANN)","no"
762,"no",NA,NA,NA,NA,NA
763,"yes; surface water","forecast","yes","yes","numerical ecosystem simulation (e.g. GLM-AED)","yes"
764,"yes; surface water","none of the above",NA,NA,NA,"yes"
765,"yes; surface water","hindcast","yes","yes","process-based but not ecosystem simulation (e.g. age-structured population model)","yes"
766,"yes; surface water","none of the above",NA,NA,NA,"no"
767,"yes; surface water","forecast","no","yes","machine learning, either process-guided or not process-guided (e.g. ANN)","yes"
768,"yes; surface water","forecast","no","yes","empirical model but not a time series model (e.g. multiple regression), machine learning, either process-guided or not process-guided (e.g. ANN)","yes"
769,"yes; surface water","forecast","no","yes","empirical model but not a time series model (e.g. multiple regression)","yes"
770,"yes; surface water","none of the above",NA,NA,NA,"yes"
771,"yes; surface water","none of the above",NA,NA,NA,"yes"
772,"yes; surface water","hindcast","no","yes","numerical ecosystem simulation (e.g. GLM-AED)","yes"
773,"yes; surface water","none of the above",NA,NA,NA,"no"
774,"yes; surface water","forecast","no","yes","machine learning, either process-guided or not process-guided (e.g. ANN)","yes"
775,"yes; surface water","none of the above",NA,NA,NA,"yes"
776,"yes; surface water","forecast","no","yes","time series model (e.g. ARIMA), machine learning, either process-guided or not process-guided (e.g. ANN)","yes"
777,"yes; surface water","forecast","yes","yes","empirical model but not a time series model (e.g. multiple regression), machine learning, either process-guided or not process-guided (e.g. ANN)","yes"
778,"yes; surface water","hindcast","yes","yes","numerical ecosystem simulation (e.g. GLM-AED)","yes"
779,"yes; surface water","none of the above",NA,NA,NA,"yes"
780,"yes; surface water","hindcast","no","yes","process-based but not ecosystem simulation (e.g. age-structured population model)","yes"
781,"yes; surface water","none of the above",NA,NA,NA,"yes"
782,"yes; surface water","forecast","no","yes","machine learning, either process-guided or not process-guided (e.g. ANN)","yes"
783,"no",NA,NA,NA,NA,NA
784,"no",NA,NA,NA,NA,NA
785,"yes; surface water","forecast","yes","yes","process-based but not ecosystem simulation (e.g. age-structured population model)","yes"
786,"yes; surface water","none of the above",NA,NA,NA,"yes"
787,"yes; surface water","none of the above",NA,NA,NA,"no"
788,"yes; surface water","forecast","yes","yes","time series model (e.g. ARIMA)","yes"
789,"yes; surface water","none of the above",NA,NA,NA,"yes"
790,"yes; surface water","forecast","yes","yes","process-based but not ecosystem simulation (e.g. age-structured population model), empirical model but not a time series model (e.g. multiple regression)","yes"
791,"yes; surface water","forecast","no","yes","machine learning, either process-guided or not process-guided (e.g. ANN)","yes"
792,"yes; surface water","none of the above",NA,NA,NA,"yes"
793,"yes; groundwater","none of the above",NA,NA,NA,"no"
794,"no",NA,NA,NA,NA,NA
795,"yes; surface water","hindcast","yes","yes","numerical ecosystem simulation (e.g. GLM-AED)","yes"
796,"yes; surface water","forecast","no","yes","machine learning, either process-guided or not process-guided (e.g. ANN)","yes"
797,"yes; surface water","forecast","yes","yes","numerical ecosystem simulation (e.g. GLM-AED)","no"
798,"yes; surface water","nowcast","no","yes","empirical model but not a time series model (e.g. multiple regression)","no"
799,"yes; surface water","forecast","no","yes","time series model (e.g. ARIMA), machine learning, either process-guided or not process-guided (e.g. ANN)","yes"
800,"no",NA,NA,NA,NA,NA
801,"no",NA,NA,NA,NA,NA
802,"yes; surface water","none of the above",NA,NA,NA,"no"
803,"yes; surface water","forecast","no","yes","numerical ecosystem simulation (e.g. GLM-AED)","yes"
804,"yes; surface water","forecast","no","yes","machine learning, either process-guided or not process-guided (e.g. ANN)","yes"
805,"yes; surface water","forecast","no","yes","machine learning, either process-guided or not process-guided (e.g. ANN)","no"
806,"yes; surface water","forecast","yes","yes","empirical model but not a time series model (e.g. multiple regression)","yes"
807,"yes; surface water","none of the above",NA,NA,NA,"no"
808,"yes; surface water","hindcast","yes","yes","numerical ecosystem simulation (e.g. GLM-AED)","yes"
809,"yes; surface water","forecast","no","yes","machine learning, either process-guided or not process-guided (e.g. ANN)","yes"
810,"yes; surface water","forecast","no","yes","machine learning, either process-guided or not process-guided (e.g. ANN)","yes"
811,"yes; surface water","forecast","yes","yes","numerical ecosystem simulation (e.g. GLM-AED)","yes"
812,"yes; surface water","forecast","no","yes","machine learning, either process-guided or not process-guided (e.g. ANN)","yes"
813,"no",NA,NA,NA,NA,NA
814,"yes; surface water","forecast","no","yes","machine learning, either process-guided or not process-guided (e.g. ANN)","yes"
815,"yes; surface water","forecast","yes","yes","machine learning, either process-guided or not process-guided (e.g. ANN)","yes"
816,"no",NA,NA,NA,NA,NA
817,"yes; surface water","forecast","yes","yes","machine learning, either process-guided or not process-guided (e.g. ANN)","yes"
818,"yes; surface water","forecast","no","yes","machine learning, either process-guided or not process-guided (e.g. ANN)","yes"
819,"yes; surface water","none of the above",NA,NA,NA,"yes"
820,"yes; surface water","hindcast","yes","yes","numerical ecosystem simulation (e.g. GLM-AED)","yes"
821,"yes; surface water","can't tell","can't tell","can't tell",NA,"yes"
822,"yes; surface water","forecast","no","yes","machine learning, either process-guided or not process-guided (e.g. ANN)","yes"
823,"no",NA,NA,NA,NA,NA
824,"yes; surface water","none of the above",NA,NA,NA,"yes"
825,"yes; surface water","none of the above",NA,NA,NA,"yes"
826,"yes; surface water","hindcast","no","yes","machine learning, either process-guided or not process-guided (e.g. ANN)","no"
